ProductCode,HideProduct,Reason
SAR-BMBU-RYN-MSLN-PILLOWCA,Y,out of stock at saranoni.com
SAR-BMBU-RYN-MSLN-QUEEN-KING,Y,out of stock at saranoni.com
SAR-FX-FUR-PILLOWCA,Y,out of stock at saranoni.com
SAR-PLSH-FX-FUR,Y,out of stock at saranoni.com
SAR-PTR-RBT-COTTON-MSLN-CRIB,Y,out of stock at saranoni.com
SAR-VERY-HGRY-CAT-MNKY-STR,Y,out of stock at saranoni.com
SS-BUR500NSV,Y,out of stock at stevesilver.com
SS-CAS900C,Y,out of stock at stevesilver.com
SS-CAS900QFB,Y,out of stock at stevesilver.com
SS-GATLIN-BROWN-114SOFA,Y,out of stock at stevesilver.com
SS-KE800CL,Y,out of stock at stevesilver.com
SS-KEILY-BROWN-75LOVE,Y,out of stock at stevesilver.com
SS-KEILY-BROWN-86SOFA,Y,out of stock at stevesilver.com
SS-LUNA-CHAR-PWR-LOVE,Y,out of stock at stevesilver.com
SS-NOA800GL,Y,out of stock at stevesilver.com
SS-NOAH-GRAY-SLEEPER-SOFA,Y,out of stock at stevesilver.com
SS-2968479,Y,blank ProductName + NoPhoto on Recliners PLP; duplicate of Gatlin listing
SS-2968622,Y,blank ProductName + NoPhoto on Recliners PLP; duplicate of Olsen listing
SS-3105415,Y,blank ProductName + NoPhoto on Recliners PLP; duplicate of SS-GATLIN-BROWN-RECL
SS-KE800C,Y,blank ProductName + NoPhoto on Recliners PLP; duplicate of Keily listing
