code,product,optionGroup,optionValue,saranoniInStock,onMySite,action
SAR-BABY-BMB-LITE-SETS,Baby Bamboni® Lite Set,Size,0-3 Months,YES,YES,
SAR-BABY-BMB-LITE-SETS,Baby Bamboni® Lite Set,Size,3-6 Months,YES,YES,
SAR-BABY-BMB-LITE-SETS,Baby Bamboni® Lite Set,Size,6-12 Months,YES,YES,
SAR-BABY-BMB-LITE-SETS,Baby Bamboni® Lite Set,Color,Taupe,YES,YES,
SAR-BABY-BMB-LITE-SETS,Baby Bamboni® Lite Set,Color,Light Blue,YES,YES,
SAR-BABY-BMB-LITE-SETS,Baby Bamboni® Lite Set,Color,Light Pink,YES,YES,
SAR-BAMBONI-TWIN-BLANKETS,Bamboni® Twin Blanket,Color,Spruce,YES,YES,
SAR-BAMBONI-TWIN-BLANKETS,Bamboni® Twin Blanket,Color,Cameo,YES,YES,
SAR-BAMBONI-TWIN-BLANKETS,Bamboni® Twin Blanket,Color,Taupe,YES,YES,
SAR-BATMAN-DBL-LAYER-BMB,Batman™ Double-Layer Bamboni® Blanket,Size,Mini,YES,YES,
SAR-BATMAN-DBL-LAYER-BMB,Batman™ Double-Layer Bamboni® Blanket,Size,Receiving,YES,NO,ADD to my site
SAR-BATMAN-DBL-LAYER-BMB,Batman™ Double-Layer Bamboni® Blanket,Size,Throw,YES,NO,ADD to my site
SAR-BATMAN-DBL-LAYER-BMB,Batman™ Double-Layer Bamboni® Blanket,Size,XL,YES,NO,ADD to my site
SAR-BATMAN-MNKY-LUSH,Batman™ Minky/Lush Blanket,Size,Mini,YES,YES,
SAR-BATMAN-MNKY-LUSH,Batman™ Minky/Lush Blanket,Size,Receiving,YES,NO,ADD to my site
SAR-BATMAN-MNKY-LUSH,Batman™ Minky/Lush Blanket,Size,Toddler,YES,NO,ADD to my site
SAR-BATMAN-MNKY-LUSH,Batman™ Minky/Lush Blanket,Size,XL,YES,NO,ADD to my site
SAR-BMB-HATS,Bamboni® Hat,Color,Charcoal,YES,YES,
SAR-BMB-HATS,Bamboni® Hat,Color,Moonbeam,YES,YES,
SAR-BMB-SETS,Bamboni® Set,Size,Small,YES,YES,
SAR-BMB-SETS,Bamboni® Set,Size,Medium,YES,YES,
SAR-BMB-SETS,Bamboni® Set,Size,Large,YES,YES,
SAR-BMB-SETS,Bamboni® Set,Color,Taupe,YES,YES,
SAR-BMB-SETS,Bamboni® Set,Color,Charcoal,YES,YES,
SAR-BMB-SNUGGLER,Bamboni® Snuggler,Size,Adult,YES,YES,
SAR-BMB-SNUGGLER,Bamboni® Snuggler,Color,Charcoal,YES,YES,
SAR-BMB-SNUGGLER,Bamboni® Snuggler,Color,Ivory,YES,YES,
SAR-BMB-SNUGGLER,Bamboni® Snuggler,Color,Light Pink,YES,YES,
SAR-BMB-SOCKS,Bamboni® Socks,Color,Charcoal,YES,YES,
SAR-BMB-SOCKS,Bamboni® Socks,Color,Moonbeam,YES,YES,
SAR-BMB-TOD,Bamboni® Toddler Blanket,Color,Woodrose,YES,YES,
SAR-BMB-TOD,Bamboni® Toddler Blanket,Color,Birch,YES,YES,
SAR-BMB-TOD,Bamboni® Toddler Blanket,Color,Light Pink,YES,YES,
SAR-BMB-TOD,Bamboni® Toddler Blanket,Color,Spruce,YES,YES,
SAR-BMB-TOD,Bamboni® Toddler Blanket,Color,French Rose,YES,YES,
SAR-BMB-TOD,Bamboni® Toddler Blanket,Color,Nautical Blue,YES,YES,
SAR-BMB-TOD,Bamboni® Toddler Blanket,Color,Juniper,YES,YES,
SAR-BMB-TOD,Bamboni® Toddler Blanket,Color,Light Blue,YES,YES,
SAR-BMB-TOD,Bamboni® Toddler Blanket,Color,Sage,YES,YES,
SAR-BMB-TOD,Bamboni® Toddler Blanket,Color,Ivory,YES,YES,
SAR-BMB-TOD,Bamboni® Toddler Blanket,Color,Buttermilk,YES,YES,
SAR-BMB-TOD,Bamboni® Toddler Blanket,Color,Taupe,YES,YES,
SAR-BMB-TOD,Bamboni® Toddler Blanket,Color,Peach,YES,YES,
SAR-BMB-TOD,Bamboni® Toddler Blanket,Color,Olive,YES,YES,
SAR-BMB-TOD,Bamboni® Toddler Blanket,Color,Gray,YES,YES,
SAR-BMB-TOD,Bamboni® Toddler Blanket,Color,Sunburst,YES,YES,
SAR-BMB-TOD,Bamboni® Toddler Blanket,Color,Pecan,YES,YES,
SAR-BMB-TOD,Bamboni® Toddler Blanket,Color,Hibiscus,YES,YES,
SAR-BMB-TOD,Bamboni® Toddler Blanket,Color,Surf,YES,YES,
SAR-BMB-TOD,Bamboni® Toddler Blanket,Color,Cameo,YES,YES,
SAR-BMB-TOD,Bamboni® Toddler Blanket,Color,Moonbeam,YES,YES,
SAR-BMB-TWIN,Bamboni® Twin Blanket,Color,Spruce,YES,YES,
SAR-BMB-TWIN,Bamboni® Twin Blanket,Color,Cameo,YES,YES,
SAR-BMB-TWIN,Bamboni® Twin Blanket,Color,Taupe,YES,YES,
SAR-BMBU-RYN-MSLN-4-LAYER,Bamboo Rayon Muslin 4-Layer Quilt,Color,Fleurs,YES,YES,
SAR-BMBU-RYN-MSLN-4-LAYER,Bamboo Rayon Muslin 4-Layer Quilt,Color,Highland Cow,YES,YES,
SAR-BMBU-RYN-MSLN-4-LAYER,Bamboo Rayon Muslin 4-Layer Quilt,Color,Starry Night,YES,YES,
SAR-BMBU-RYN-MSLN-4-LAYER,Bamboo Rayon Muslin 4-Layer Quilt,Color,Floret,OUT OF STOCK,NO,
SAR-BMBU-RYN-MSLN-4-LAYER,Bamboo Rayon Muslin 4-Layer Quilt,Color,Forget-Me-Not,YES,YES,
SAR-BMBU-RYN-MSLN-4-LAYER,Bamboo Rayon Muslin 4-Layer Quilt,Color,Yosemite,YES,YES,
SAR-BMBU-RYN-MSLN-4-LAYER,Bamboo Rayon Muslin 4-Layer Quilt,Color,The Savannah,YES,YES,
SAR-BMBU-RYN-MSLN-4-LAYER,Bamboo Rayon Muslin 4-Layer Quilt,Color,By Hope Wild Wood,OUT OF STOCK,NO,
SAR-BMBU-RYN-MSLN-4-LAYER,Bamboo Rayon Muslin 4-Layer Quilt,Color,By Hope Lakewood Animals,YES,YES,
SAR-BMBU-RYN-MSLN-4-LAYER,Bamboo Rayon Muslin 4-Layer Quilt,Color,By Hope Roadside Picks,YES,YES,
SAR-BMBU-RYN-MSLN-PILLOWCA,Bamboo Rayon Muslin Pillowcase Set,Size,Queen/King,OUT OF STOCK,NO,
SAR-BMBU-RYN-MSLN-PILLOWCA,Bamboo Rayon Muslin Pillowcase Set,Color,Botanica,OUT OF STOCK,NO,
SAR-BMBU-RYN-MSLN-PILLOWCA,Bamboo Rayon Muslin Pillowcase Set,Color,Cambridge Stripe,OUT OF STOCK,NO,
SAR-BMBU-RYN-MSLN-PILLOWCA,Bamboo Rayon Muslin Pillowcase Set,Color,Mini Swiss,OUT OF STOCK,NO,
SAR-BMBU-RYN-MSLN-QUEEN-KING,Bamboo Rayon Muslin Queen/King 4-Layer Quilt,Color,Botanica,OUT OF STOCK,NO,
SAR-BMBU-RYN-MSLN-QUEEN-KING,Bamboo Rayon Muslin Queen/King 4-Layer Quilt,Color,Cambridge Stripe,OUT OF STOCK,NO,
SAR-BMBU-RYN-MSLN-QUEEN-KING,Bamboo Rayon Muslin Queen/King 4-Layer Quilt,Color,Mini Swiss,OUT OF STOCK,NO,
SAR-BMBU-RYN-MSLN-XL-LG-4,Bamboo Rayon Muslin XL 4-Layer Quilt,Color,Clara,YES,YES,
SAR-BMBU-RYN-MSLN-XL-LG-4,Bamboo Rayon Muslin XL 4-Layer Quilt,Color,Leo,YES,YES,
SAR-BMBU-RYN-MSLN-XL-LG-4,Bamboo Rayon Muslin XL 4-Layer Quilt,Color,Olivia,YES,YES,
SAR-BMBU-RYN-MSLN-XL-LG-4,Bamboo Rayon Muslin XL 4-Layer Quilt,Color,Liam,YES,YES,
SAR-BMBU-RYN-MSLN-XL-LG-4,Bamboo Rayon Muslin XL 4-Layer Quilt,Color,Emma,YES,YES,
SAR-BMBU-RYN-MSLN-XL-LG-4,Bamboo Rayon Muslin XL 4-Layer Quilt,Color,Milo,YES,YES,
SAR-BMBU-RYN-MSLN-XL-LG-4,Bamboo Rayon Muslin XL 4-Layer Quilt,Color,Amelia,YES,YES,
SAR-BMBU-RYN-MSLN-XL-LG-4,Bamboo Rayon Muslin XL 4-Layer Quilt,Color,Jack,YES,YES,
SAR-BOY-WHO-LIVED-DBL-LAYER,The Boy Who Lived Double-Layer Bamboni® Blanket,Size,Mini,YES,YES,
SAR-BOY-WHO-LIVED-DBL-LAYER,The Boy Who Lived Double-Layer Bamboni® Blanket,Size,Receiving,YES,NO,ADD to my site
SAR-BOY-WHO-LIVED-DBL-LAYER,The Boy Who Lived Double-Layer Bamboni® Blanket,Size,Throw,YES,NO,ADD to my site
SAR-BOY-WHO-LIVED-DBL-LAYER,The Boy Who Lived Double-Layer Bamboni® Blanket,Size,XL,YES,NO,ADD to my site
SAR-CHNK-KNT-LG,Chunky Knit Large Throw Blanket,Color,Ginger,YES,YES,
SAR-COTTON-MSLN-4-LAYER,Cotton Muslin 4-Layer Quilt,Color,Simple Buds,YES,YES,
SAR-COTTON-MSLN-4-LAYER,Cotton Muslin 4-Layer Quilt,Color,Pine,YES,YES,
SAR-COTTON-MSLN-4-LAYER,Cotton Muslin 4-Layer Quilt,Color,Olive Branch,YES,YES,
SAR-COTTON-MSLN-4-LAYER,Cotton Muslin 4-Layer Quilt,Color,Floral Fields,YES,YES,
SAR-COZY-BMB-ROBES,Cozy Bamboni® Robe,Size,Small/Medium,YES,YES,
SAR-COZY-BMB-ROBES,Cozy Bamboni® Robe,Size,Large/XL,YES,YES,
SAR-COZY-BMB-ROBES,Cozy Bamboni® Robe,Color,Taupe,YES,NO,ADD to my site
SAR-COZY-BMB-ROBES,Cozy Bamboni® Robe,Color,Ivory,YES,YES,
SAR-COZY-BMB-ROBES,Cozy Bamboni® Robe,Color,Gray,YES,YES,
SAR-COZY-BMB-ROBES,Cozy Bamboni® Robe,Color,French Rose,YES,YES,
SAR-COZY-BMB-ROBES,Cozy Bamboni® Robe,Color,Tori Halford,YES,NO,ADD to my site
SAR-DBL-LAYER-BMB-TOD,Double-Layer Bamboni® Toddler Blanket,Color,Pansy Double Layer,YES,YES,
SAR-DBL-LAYER-BMB-TOD,Double-Layer Bamboni® Toddler Blanket,Color,Nightfall Double Layer,YES,YES,
SAR-DBL-LAYER-BMB-TOD,Double-Layer Bamboni® Toddler Blanket,Color,Petal Double Layer,YES,YES,
SAR-DBL-LAYER-BMB-TOD,Double-Layer Bamboni® Toddler Blanket,Color,Triangle Double Layer,YES,YES,
SAR-DBL-LAYER-BMB-TOD,Double-Layer Bamboni® Toddler Blanket,Color,Classic Leopard Double Layer,YES,YES,
SAR-DBL-LAYER-BMB-TOD,Double-Layer Bamboni® Toddler Blanket,Color,Elephant Double Layer,YES,YES,
SAR-DBL-LAYER-BMB-TOD,Double-Layer Bamboni® Toddler Blanket,Color,Bunny Double Layer,YES,YES,
SAR-DBL-LAYER-BMB-TOD,Double-Layer Bamboni® Toddler Blanket,Color,Bear Double Layer,YES,YES,
SAR-DBL-LAYER-BMB-TOD,Double-Layer Bamboni® Toddler Blanket,Color,Lion Double Layer,YES,YES,
SAR-DBL-RCH-FX-FUR,Double Ruched Faux Fur Throw Blanket,Color,Snow,YES,YES,
SAR-DBL-RCH-FX-FUR,Double Ruched Faux Fur Throw Blanket,Color,Flax,YES,YES,
SAR-DBL-RCH-FX-FUR,Double Ruched Faux Fur Throw Blanket,Color,Cobblestone,YES,YES,
SAR-DBL-RCH-FX-FUR,Double Ruched Faux Fur Throw Blanket,Color,Sandshell Blend,YES,YES,
SAR-DBL-RCH-FX-FUR,Double Ruched Faux Fur Throw Blanket,Color,Chocolate Blend,YES,YES,
SAR-DBL-RCH-FX-FUR,Double Ruched Faux Fur Throw Blanket,Color,Royale,YES,YES,
SAR-DBL-RCH-FX-FUR,Double Ruched Faux Fur Throw Blanket,Color,Forest,YES,YES,
SAR-DBL-RCH-FX-FUR,Double Ruched Faux Fur Throw Blanket,Color,Montana Coles,YES,NO,ADD to my site
SAR-DBL-RCH-FX-FUR,Double Ruched Faux Fur Throw Blanket,Color,Midnight,YES,YES,
SAR-DBL-RCH-FX-FUR,Double Ruched Faux Fur Throw Blanket,Color,Woodrose,YES,YES,
SAR-DBL-RCH-FX-FUR,Double Ruched Faux Fur Throw Blanket,Color,Victoria Lawson,YES,NO,ADD to my site
SAR-DBL-RCH-FX-FUR,Double Ruched Faux Fur Throw Blanket,Color,Charcoal Blend,YES,YES,
SAR-DBL-RCH-FX-FUR,Double Ruched Faux Fur Throw Blanket,Color,Slate Blend,YES,YES,
SAR-DBL-RCH-FX-FUR-XL-LG,Double Ruched Faux Fur XL Throw Blanket,Color,Snow,YES,YES,
SAR-DBL-RCH-FX-FUR-XL-LG,Double Ruched Faux Fur XL Throw Blanket,Color,Flax,YES,YES,
SAR-DBL-RCH-FX-FUR-XL-LG,Double Ruched Faux Fur XL Throw Blanket,Color,Cobblestone,YES,YES,
SAR-DBL-RCH-FX-FUR-XL-LG,Double Ruched Faux Fur XL Throw Blanket,Color,Sandshell Blend,YES,YES,
SAR-DBL-RCH-FX-FUR-XL-LG,Double Ruched Faux Fur XL Throw Blanket,Color,Chocolate Blend,YES,YES,
SAR-DBL-RCH-FX-FUR-XL-LG,Double Ruched Faux Fur XL Throw Blanket,Color,Royale,YES,YES,
SAR-DBL-RCH-FX-FUR-XL-LG,Double Ruched Faux Fur XL Throw Blanket,Color,Forest,YES,YES,
SAR-DBL-RCH-FX-FUR-XL-LG,Double Ruched Faux Fur XL Throw Blanket,Color,Montana Coles,YES,NO,ADD to my site
SAR-DBL-RCH-FX-FUR-XL-LG,Double Ruched Faux Fur XL Throw Blanket,Color,Midnight,YES,YES,
SAR-DBL-RCH-FX-FUR-XL-LG,Double Ruched Faux Fur XL Throw Blanket,Color,Woodrose,YES,YES,
SAR-DBL-RCH-FX-FUR-XL-LG,Double Ruched Faux Fur XL Throw Blanket,Color,Victoria Lawson,YES,NO,ADD to my site
SAR-DBL-RCH-FX-FUR-XL-LG,Double Ruched Faux Fur XL Throw Blanket,Color,Charcoal Blend,YES,YES,
SAR-DBL-RCH-FX-FUR-XL-LG,Double Ruched Faux Fur XL Throw Blanket,Color,Slate Blend,YES,YES,
SAR-ELF-SNUGGLER,ELF™ Snuggler,Size,Youth,YES,YES,
SAR-ELF-SNUGGLER,ELF™ Snuggler,Size,Teen,YES,NO,ADD to my site
SAR-ELF-SNUGGLER,ELF™ Snuggler,Size,Adult,YES,NO,ADD to my site
SAR-FX-FUR-PILLOWCA,Faux Fur Pillowcase,Size,Queen,OUT OF STOCK,NO,
SAR-FX-FUR-PILLOWCA,Faux Fur Pillowcase,Size,King,OUT OF STOCK,NO,
SAR-FX-FUR-PILLOWCA,Faux Fur Pillowcase,Color,Cream,OUT OF STOCK,NO,
SAR-FX-FUR-PILLOWCA,Faux Fur Pillowcase,Color,Charcoal,OUT OF STOCK,NO,
SAR-FX-FUR-PILLOWCA,Faux Fur Pillowcase,Color,Feather,OUT OF STOCK,NO,
SAR-FX-FUR-PILLOWCA,Faux Fur Pillowcase,Color,Dove,OUT OF STOCK,NO,
SAR-FX-FUR-PILLOWCA,Faux Fur Pillowcase,Color,Hazel,OUT OF STOCK,NO,
SAR-FX-FUR-PILLOWCA,Faux Fur Pillowcase,Color,Classic Leopard,OUT OF STOCK,NO,
SAR-FX-FUR-PILLOWCA,Faux Fur Pillowcase,Color,Snow Leopard,OUT OF STOCK,NO,
SAR-FX-FUR-TWIN,Faux Fur Twin Blanket,Color,Cream,OUT OF STOCK,NO,
SAR-FX-FUR-TWIN,Faux Fur Twin Blanket,Color,Charcoal,OUT OF STOCK,NO,
SAR-FX-FUR-TWIN,Faux Fur Twin Blanket,Color,Feather,OUT OF STOCK,NO,
SAR-FX-FUR-TWIN,Faux Fur Twin Blanket,Color,Dove,YES,YES,
SAR-GRAND-FX-FUR,Grand Faux Fur Throw Blanket,Color,Arctic Hare,YES,YES,
SAR-GRAND-FX-FUR,Grand Faux Fur Throw Blanket,Color,Fawn,YES,YES,
SAR-GRAND-FX-FUR,Grand Faux Fur Throw Blanket,Color,Timberwolf,YES,NO,ADD to my site
SAR-GRAND-FX-FUR,Grand Faux Fur Throw Blanket,Color,Chinchilla,YES,YES,
SAR-GRAND-FX-FUR,Grand Faux Fur Throw Blanket,Color,Midnight Plaid,YES,NO,ADD to my site
SAR-GRAND-FX-FUR,Grand Faux Fur Throw Blanket,Color,Truffle Plaid,YES,NO,ADD to my site
SAR-GRAND-FX-FUR-2-PACK-EURO,Grand Faux Fur 2-Pack Euro Pillow Cover Set,Color,Chinchilla,YES,YES,
SAR-GRAND-FX-FUR-2-PACK-EURO,Grand Faux Fur 2-Pack Euro Pillow Cover Set,Color,Gray Mink,YES,YES,
SAR-GRAND-FX-FUR-KING,Grand Faux Fur King Blanket,Color,Gray Mink,YES,YES,
SAR-GRAND-FX-FUR-KING,Grand Faux Fur King Blanket,Color,Arctic Hare,YES,YES,
SAR-GRAND-FX-FUR-KING,Grand Faux Fur King Blanket,Color,Fawn,OUT OF STOCK,NO,
SAR-GRAND-FX-FUR-KING,Grand Faux Fur King Blanket,Color,Chinchilla,YES,YES,
SAR-GRAND-FX-FUR-KING,Grand Faux Fur King Blanket,Color,Timberwolf,YES,NO,ADD to my site
SAR-GRAND-FX-FUR-QUEEN,Grand Faux Fur Queen Blanket,Color,Gray Mink,YES,YES,
SAR-GRAND-FX-FUR-QUEEN,Grand Faux Fur Queen Blanket,Color,Arctic Hare,YES,YES,
SAR-GRAND-FX-FUR-QUEEN,Grand Faux Fur Queen Blanket,Color,Fawn,YES,YES,
SAR-GRAND-FX-FUR-QUEEN,Grand Faux Fur Queen Blanket,Color,Chinchilla,YES,YES,
SAR-GRAND-FX-FUR-QUEEN,Grand Faux Fur Queen Blanket,Color,Timberwolf,YES,NO,ADD to my site
SAR-GRAND-FX-FUR-XL-LG,Grand Faux Fur XL Throw Blanket,Color,Arctic Hare,YES,YES,
SAR-GRAND-FX-FUR-XL-LG,Grand Faux Fur XL Throw Blanket,Color,Fawn,YES,YES,
SAR-GRAND-FX-FUR-XL-LG,Grand Faux Fur XL Throw Blanket,Color,Timberwolf,YES,NO,ADD to my site
SAR-GRAND-FX-FUR-XL-LG,Grand Faux Fur XL Throw Blanket,Color,Chinchilla,YES,YES,
SAR-GRAND-FX-FUR-XL-LG,Grand Faux Fur XL Throw Blanket,Color,Midnight Plaid,YES,NO,ADD to my site
SAR-GRAND-FX-FUR-XL-LG,Grand Faux Fur XL Throw Blanket,Color,Truffle Plaid,YES,NO,ADD to my site
SAR-HEIRLOOM-COTTON-KNT-SETS,Heirloom Cotton Knit Set,Size,0-3 Months,YES,YES,
SAR-HEIRLOOM-COTTON-KNT-SETS,Heirloom Cotton Knit Set,Size,3-6 Months,YES,YES,
SAR-HEIRLOOM-COTTON-KNT-SETS,Heirloom Cotton Knit Set,Size,6-12 Months,YES,YES,
SAR-HEIRLOOM-COTTON-KNT-SETS,Heirloom Cotton Knit Set,Color,Cream,YES,NO,ADD to my site
SAR-HEIRLOOM-COTTON-KNT-SETS,Heirloom Cotton Knit Set,Color,Tan,YES,YES,
SAR-HEIRLOOM-COTTON-KNT-SETS,Heirloom Cotton Knit Set,Color,Pink,YES,YES,
SAR-HOGWARTS-CREST-DBL-LAYER,Hogwarts™ Crest Double-Layer Bamboni® Blanket,Size,Throw,YES,YES,
SAR-HOGWARTS-CREST-DBL-LAYER,Hogwarts™ Crest Double-Layer Bamboni® Blanket,Size,XL,YES,NO,ADD to my site
SAR-HP-HP-ICONS-MNKY-LUSH,Harry Potter™ Icons Minky/Lush Blanket,Size,Mini,YES,YES,
SAR-HP-HP-ICONS-MNKY-LUSH,Harry Potter™ Icons Minky/Lush Blanket,Size,Receiving,YES,NO,ADD to my site
SAR-HP-HP-ICONS-MNKY-LUSH,Harry Potter™ Icons Minky/Lush Blanket,Size,Toddler,YES,NO,ADD to my site
SAR-HP-HP-ICONS-MNKY-LUSH,Harry Potter™ Icons Minky/Lush Blanket,Size,XL,YES,NO,ADD to my site
SAR-HP-HP-MSLN-NRS,Harry Potter™ Muslin Nursery Collection,Color,Potions and Charms,YES,YES,
SAR-HP-HP-MSLN-NRS,Harry Potter™ Muslin Nursery Collection,Color,Herbology,YES,YES,
SAR-HP-HP-MSLN-NRS,Harry Potter™ Muslin Nursery Collection,Color,Hedwig,YES,YES,
SAR-HP-HP-MSLN-NRS,Harry Potter™ Muslin Nursery Collection,Size,Muslin/Lush Mini,YES,NO,ADD to my site
SAR-HP-HP-MSLN-NRS,Harry Potter™ Muslin Nursery Collection,Size,Swaddle,YES,YES,
SAR-HP-HP-MSLN-NRS,Harry Potter™ Muslin Nursery Collection,Size,Crib Sheet,YES,NO,ADD to my site
SAR-HP-HP-MSLN-NRS,Harry Potter™ Muslin Nursery Collection,Size,Changing Cover,YES,NO,ADD to my site
SAR-HP-HP-MSLN-NRS,Harry Potter™ Muslin Nursery Collection,Size,Muslin/Lush Quilt,YES,NO,ADD to my site
SAR-JL-JL-MSLN-LUSH,Justice League™ Muslin/Lush Blanket,Size,Mini,YES,YES,
SAR-JL-JL-MSLN-LUSH,Justice League™ Muslin/Lush Blanket,Size,Quilt,YES,NO,ADD to my site
SAR-JL-JL-MSLN-LUSH,Justice League™ Muslin/Lush Blanket,Size,XL,YES,NO,ADD to my site
SAR-JL-JL-SNUGGLER,Justice League™ Snuggler,Size,Youth,YES,YES,
SAR-JL-JL-SNUGGLER,Justice League™ Snuggler,Size,Teen,YES,NO,ADD to my site
SAR-JL-JL-SNUGGLER,Justice League™ Snuggler,Size,Adult,YES,NO,ADD to my site
SAR-JL-JL-SNUGGLER,Justice League™ Snuggler,Color,Superman,YES,YES,
SAR-JL-JL-SNUGGLER,Justice League™ Snuggler,Color,Wonder Woman,YES,YES,
SAR-JL-JL-SNUGGLER,Justice League™ Snuggler,Color,Batman,YES,YES,
SAR-LUSH,Lush Throw Blanket,Color,Buttermilk,OUT OF STOCK,NO,
SAR-LUSH,Lush Throw Blanket,Color,Charcoal,YES,YES,
SAR-LUSH,Lush Throw Blanket,Color,Feather,YES,YES,
SAR-LUSH,Lush Throw Blanket,Color,Twilight,YES,YES,
SAR-LUSH,Lush Throw Blanket,Color,Walnut,OUT OF STOCK,NO,
SAR-LUSH-MINI,Lush Mini Blanket,Color,Ballet Slipper,OUT OF STOCK,NO,
SAR-LUSH-MINI,Lush Mini Blanket,Color,Feather,YES,YES,
SAR-LUSH-MINI,Lush Mini Blanket,Color,Hazelnut,YES,YES,
SAR-LUSH-MINI,Lush Mini Blanket,Color,Buttermilk,YES,YES,
SAR-LUSH-MINI,Lush Mini Blanket,Color,Chambray,OUT OF STOCK,NO,
SAR-LUSH-MINI,Lush Mini Blanket,Color,Eucalyptus,YES,YES,
SAR-LUSH-MINI,Lush Mini Blanket,Color,Bloom,YES,YES,
SAR-LUSH-MINI,Lush Mini Blanket,Color,Navy,OUT OF STOCK,NO,
SAR-LUSH-MINI,Lush Mini Blanket,Color,Storm Cloud,OUT OF STOCK,NO,
SAR-LUSH-MINI,Lush Mini Blanket,Color,Hunter,YES,YES,
SAR-LUSH-MINI,Lush Mini Blanket,Color,Natural,OUT OF STOCK,NO,
SAR-LUSH-MINI,Lush Mini Blanket,Color,Fairy Wings,YES,YES,
SAR-LUSH-MINI,Lush Mini Blanket,Color,Gray,YES,YES,
SAR-LUSH-MINI,Lush Mini Blanket,Color,Rosy,YES,YES,
SAR-LUSH-MINI,Lush Mini Blanket,Color,Fern,YES,YES,
SAR-LUSH-MINI,Lush Mini Blanket,Color,Blossom,OUT OF STOCK,NO,
SAR-LUSH-MINI,Lush Mini Blanket,Color,Seagrass,YES,YES,
SAR-LUSH-MINI,Lush Mini Blanket,Color,Chiffon,YES,YES,
SAR-LUSH-MINI,Lush Mini Blanket,Color,Camel,OUT OF STOCK,NO,
SAR-LUSH-MINI,Lush Mini Blanket,Color,Mineral Blue,OUT OF STOCK,NO,
SAR-LUSH-MINI,Lush Mini Blanket,Color,Primrose,YES,YES,
SAR-LUSH-MINI,Lush Mini Blanket,Color,Charcoal,YES,YES,
SAR-LUSH-MINI,Lush Mini Blanket,Color,Aubergine,OUT OF STOCK,NO,
SAR-LUSH-RCV,Lush Receiving Blanket,Color,Ballet Slipper,YES,YES,
SAR-LUSH-RCV,Lush Receiving Blanket,Color,Bloom,OUT OF STOCK,NO,
SAR-LUSH-RCV,Lush Receiving Blanket,Color,Hunter,OUT OF STOCK,NO,
SAR-LUSH-RCV,Lush Receiving Blanket,Color,Storm Cloud,YES,YES,
SAR-LUSH-RCV,Lush Receiving Blanket,Color,Natural,YES,YES,
SAR-LUSH-RCV,Lush Receiving Blanket,Color,Hazelnut,OUT OF STOCK,NO,
SAR-LUSH-RCV,Lush Receiving Blanket,Color,Rosy,YES,YES,
SAR-LUSH-RCV,Lush Receiving Blanket,Color,Seagrass,YES,YES,
SAR-LUSH-RCV,Lush Receiving Blanket,Color,Fairy Wings,YES,YES,
SAR-LUSH-RCV,Lush Receiving Blanket,Color,Blossom,OUT OF STOCK,NO,
SAR-LUSH-RCV,Lush Receiving Blanket,Color,Navy,OUT OF STOCK,NO,
SAR-LUSH-RCV,Lush Receiving Blanket,Color,Fern,YES,YES,
SAR-LUSH-RCV,Lush Receiving Blanket,Color,Gray,OUT OF STOCK,NO,
SAR-LUSH-RCV,Lush Receiving Blanket,Color,Chiffon,OUT OF STOCK,NO,
SAR-LUSH-RCV,Lush Receiving Blanket,Color,Charcoal,YES,YES,
SAR-LUSH-RCV,Lush Receiving Blanket,Color,Chambray,YES,YES,
SAR-LUSH-RCV,Lush Receiving Blanket,Color,Buttermilk,OUT OF STOCK,NO,
SAR-LUSH-RCV,Lush Receiving Blanket,Color,Feather,OUT OF STOCK,NO,
SAR-LUSH-RCV,Lush Receiving Blanket,Color,Aubergine,YES,YES,
SAR-LUSH-RCV,Lush Receiving Blanket,Color,Primrose,YES,YES,
SAR-LUSH-RCV,Lush Receiving Blanket,Color,Eucalyptus,OUT OF STOCK,NO,
SAR-LUSH-RCV,Lush Receiving Blanket,Color,Mineral Blue,YES,YES,
SAR-LUSH-TOD,Lush Toddler Blanket,Color,Ballet Slipper,YES,YES,
SAR-LUSH-TOD,Lush Toddler Blanket,Color,Bloom,YES,YES,
SAR-LUSH-TOD,Lush Toddler Blanket,Color,Hunter,YES,YES,
SAR-LUSH-TOD,Lush Toddler Blanket,Color,Feather,YES,YES,
SAR-LUSH-TOD,Lush Toddler Blanket,Color,Fairy Wings,YES,YES,
SAR-LUSH-TOD,Lush Toddler Blanket,Color,Storm Cloud,OUT OF STOCK,NO,
SAR-LUSH-TOD,Lush Toddler Blanket,Color,Eucalyptus,YES,YES,
SAR-LUSH-TOD,Lush Toddler Blanket,Color,Hazelnut,OUT OF STOCK,NO,
SAR-LUSH-TOD,Lush Toddler Blanket,Color,Primrose,YES,YES,
SAR-LUSH-TOD,Lush Toddler Blanket,Color,Navy,YES,YES,
SAR-LUSH-TOD,Lush Toddler Blanket,Color,Blossom,YES,YES,
SAR-LUSH-TOD,Lush Toddler Blanket,Color,Fern,YES,YES,
SAR-LUSH-TOD,Lush Toddler Blanket,Color,Buttermilk,YES,YES,
SAR-LUSH-TOD,Lush Toddler Blanket,Color,Charcoal,YES,YES,
SAR-LUSH-TOD,Lush Toddler Blanket,Color,Natural,YES,YES,
SAR-LUSH-TOD,Lush Toddler Blanket,Color,Seagrass,YES,YES,
SAR-LUSH-TOD,Lush Toddler Blanket,Color,Rosy,YES,YES,
SAR-LUSH-TOD,Lush Toddler Blanket,Color,Aubergine,YES,YES,
SAR-LUSH-TOD,Lush Toddler Blanket,Color,Chiffon,OUT OF STOCK,NO,
SAR-LUSH-TOD,Lush Toddler Blanket,Color,Mineral Blue,YES,YES,
SAR-LUSH-TOD,Lush Toddler Blanket,Color,Gray,YES,YES,
SAR-LUSH-TOD,Lush Toddler Blanket,Color,Chambray,YES,YES,
SAR-LUSH-XL-LG,Lush XL Blanket,Color,Feather,YES,YES,
SAR-LUSH-XL-LG,Lush XL Blanket,Color,Navy,YES,YES,
SAR-LUSH-XL-LG,Lush XL Blanket,Color,Buttermilk,YES,YES,
SAR-LUSH-XL-LG,Lush XL Blanket,Color,Fairy Wings,YES,YES,
SAR-LUSH-XL-LG,Lush XL Blanket,Color,Ballet Slipper,YES,YES,
SAR-LUSH-XL-LG,Lush XL Blanket,Color,Natural,YES,YES,
SAR-LUSH-XL-LG,Lush XL Blanket,Color,Fern,YES,YES,
SAR-LUSH-XL-LG,Lush XL Blanket,Color,Clay,YES,YES,
SAR-LUSH-XL-LG,Lush XL Blanket,Color,Hazelnut,OUT OF STOCK,NO,
SAR-LUSH-XL-LG,Lush XL Blanket,Color,Charcoal,YES,YES,
SAR-LUSH-XL-LG,Lush XL Blanket,Color,Hunter,OUT OF STOCK,NO,
SAR-LUSH-XL-LG,Lush XL Blanket,Color,Storm Cloud,YES,YES,
SAR-LUSH-XL-LG,Lush XL Blanket,Color,Bloom,YES,YES,
SAR-LUSH-XL-LG,Lush XL Blanket,Color,Gray,YES,YES,
SAR-LUSH-XL-LG,Lush XL Blanket,Color,Eucalyptus,YES,YES,
SAR-LUSH-XL-LG,Lush XL Blanket,Color,Mineral Blue,YES,YES,
SAR-LUSH-XL-LG,Lush XL Blanket,Color,Rosy,YES,YES,
SAR-LUSH-XL-LG,Lush XL Blanket,Color,Blossom,YES,YES,
SAR-LUSH-XL-LG,Lush XL Blanket,Color,Chambray,YES,YES,
SAR-LUSH-XL-LG,Lush XL Blanket,Color,Primrose,YES,YES,
SAR-LUSH-XL-LG,Lush XL Blanket,Color,Seagrass,YES,YES,
SAR-LUSH-XL-LG,Lush XL Blanket,Color,Aubergine,OUT OF STOCK,NO,
SAR-LUSH-XL-LG,Lush XL Blanket,Color,Chiffon,YES,YES,
SAR-MNKY-LUSH,Minky/Lush Throw Blanket,Color,Elf™,YES,NO,ADD to my site
SAR-MNKY-LUSH-TOD,Minky/Lush Toddler Blanket,Color,Bows,YES,YES,
SAR-MNKY-LUSH-TOD,Minky/Lush Toddler Blanket,Color,Dogs,YES,YES,
SAR-MNKY-LUSH-XL-LG,Minky/Lush XL Blanket,Color,Ivy,OUT OF STOCK,YES,HIDE on my site
SAR-MNKY-LUSH-XL-LG,Minky/Lush XL Blanket,Color,Bows,YES,YES,
SAR-MNKY-LUSH-XL-LG,Minky/Lush XL Blanket,Color,Dogs,YES,YES,
SAR-MNKY-PLAY-MAT,Minky Play Mat,Color,Hazelnut,YES,YES,
SAR-MNKY-PLAY-MAT,Minky Play Mat,Color,Cameo,YES,YES,
SAR-MNKY-PLAY-MAT,Minky Play Mat,Color,Moonbeam,YES,YES,
SAR-MNKY-STR,Minky Stretch Throw Blanket,Color,Neutral Checkered,YES,YES,
SAR-MNKY-STR,Minky Stretch Throw Blanket,Color,Olive Checkered,YES,YES,
SAR-MNKY-STR,Minky Stretch Throw Blanket,Color,Buttermilk,YES,YES,
SAR-MNKY-STR,Minky Stretch Throw Blanket,Color,Stripe,YES,YES,
SAR-MNKY-STR,Minky Stretch Throw Blanket,Color,Florals,YES,YES,
SAR-MNKY-STR,Minky Stretch Throw Blanket,Color,Posy,YES,YES,
SAR-MNKY-STR,Minky Stretch Throw Blanket,Color,Plaid,YES,YES,
SAR-MNKY-STR,Minky Stretch Throw Blanket,Color,Brown Rice,YES,YES,
SAR-MNKY-STR,Minky Stretch Throw Blanket,Color,Charcoal,YES,YES,
SAR-MNKY-STR-LUXE-ROBES,Minky Stretch Luxe Robe,Size,Small,YES,YES,
SAR-MNKY-STR-LUXE-ROBES,Minky Stretch Luxe Robe,Size,Medium,YES,YES,
SAR-MNKY-STR-LUXE-ROBES,Minky Stretch Luxe Robe,Size,Large,YES,YES,
SAR-MNKY-STR-LUXE-ROBES,Minky Stretch Luxe Robe,Color,Mirage,YES,YES,
SAR-MNKY-STR-LUXE-ROBES,Minky Stretch Luxe Robe,Color,Sandshell,YES,YES,
SAR-MNKY-STR-LUXE-ROBES,Minky Stretch Luxe Robe,Color,Charcoal,YES,YES,
SAR-MNKY-STR-LUXE-ROBES,Minky Stretch Luxe Robe,Color,Mocha,YES,YES,
SAR-MNKY-STR-XL-LG,Minky Stretch XL Throw Blanket,Color,Olive Checkered,YES,YES,
SAR-MNKY-STR-XL-LG,Minky Stretch XL Throw Blanket,Color,Neutral Checkered,YES,YES,
SAR-MNKY-STR-XL-LG,Minky Stretch XL Throw Blanket,Color,Buttermilk,YES,YES,
SAR-MNKY-STR-XL-LG,Minky Stretch XL Throw Blanket,Color,Stripe,YES,YES,
SAR-MNKY-STR-XL-LG,Minky Stretch XL Throw Blanket,Color,Florals,YES,YES,
SAR-MNKY-STR-XL-LG,Minky Stretch XL Throw Blanket,Color,Posy,YES,YES,
SAR-MNKY-STR-XL-LG,Minky Stretch XL Throw Blanket,Color,Plaid,YES,YES,
SAR-MNKY-STR-XL-LG,Minky Stretch XL Throw Blanket,Color,Brown Rice,YES,YES,
SAR-MNKY-STR-XL-LG,Minky Stretch XL Throw Blanket,Color,Charcoal,YES,YES,
SAR-PLEATED-DUST-RUFFLE,Pleated Dust Ruffle,Color,Tan,YES,YES,
SAR-PLEATED-DUST-RUFFLE,Pleated Dust Ruffle,Color,Cream,YES,YES,
SAR-PLSH-FX-FUR,Plush Faux Fur Throw Blanket,Color,Buttermilk,OUT OF STOCK,NO,
SAR-PLSH-FX-FUR,Plush Faux Fur Throw Blanket,Color,Sesame,OUT OF STOCK,NO,
SAR-PTR-RBT-COTTON-MSLN-CRIB,Peter Rabbit™ Cotton Muslin Crib Sheet,Color,Girl,OUT OF STOCK,NO,
SAR-PTR-RBT-COTTON-MSLN-CRIB,Peter Rabbit™ Cotton Muslin Crib Sheet,Color,Boy,OUT OF STOCK,NO,
SAR-PTRN-FX-FUR,Patterned Faux Fur Throw Blanket,Color,Dusty Mauve,YES,YES,
SAR-PTRN-FX-FUR,Patterned Faux Fur Throw Blanket,Color,Feather,YES,YES,
SAR-PTRN-FX-FUR,Patterned Faux Fur Throw Blanket,Color,Ivory,YES,YES,
SAR-PTRN-FX-FUR,Patterned Faux Fur Throw Blanket,Color,Gray,YES,YES,
SAR-PTRN-FX-FUR,Patterned Faux Fur Throw Blanket,Color,Charcoal,YES,YES,
SAR-PTRN-FX-FUR,Patterned Faux Fur Throw Blanket,Color,Dove,YES,YES,
SAR-PTRN-FX-FUR,Patterned Faux Fur Throw Blanket,Color,Eucalyptus,YES,YES,
SAR-PTRN-FX-FUR,Patterned Faux Fur Throw Blanket,Color,Cashmere,YES,YES,
SAR-PTRN-FX-FUR,Patterned Faux Fur Throw Blanket,Color,Buff,YES,YES,
SAR-PTRN-FX-FUR,Patterned Faux Fur Throw Blanket,Color,Fir,YES,YES,
SAR-PTRN-FX-FUR,Patterned Faux Fur Throw Blanket,Color,Dusk,YES,YES,
SAR-PTRN-FX-FUR,Patterned Faux Fur Throw Blanket,Color,Copper,YES,YES,
SAR-PTRN-FX-FUR,Patterned Faux Fur Throw Blanket,Color,Khaki,YES,YES,
SAR-PTRN-FX-FUR,Patterned Faux Fur Throw Blanket,Color,Rouge,YES,YES,
SAR-PTRN-FX-FUR,Patterned Faux Fur Throw Blanket,Color,Pomegranate,YES,YES,
SAR-PTRN-FX-FUR,Patterned Faux Fur Throw Blanket,Color,Indigo,YES,YES,
SAR-PTRN-FX-FUR,Patterned Faux Fur Throw Blanket,Color,Black,OUT OF STOCK,NO,
SAR-PTRN-FX-FUR,Patterned Faux Fur Throw Blanket,Color,Currant,YES,YES,
SAR-PTRN-FX-FUR,Patterned Faux Fur Throw Blanket,Color,Clove,YES,YES,
SAR-PTRN-FX-FUR,Patterned Faux Fur Throw Blanket,Color,Woodland,YES,YES,
SAR-PTRN-FX-FUR,Patterned Faux Fur Throw Blanket,Color,Driftwood,YES,YES,
SAR-PTRN-FX-FUR,Patterned Faux Fur Throw Blanket,Color,Seabrook,YES,YES,
SAR-PTRN-FX-FUR-XL-LG,Patterned Faux Fur XL Throw Blanket,Color,Feather,YES,YES,
SAR-PTRN-FX-FUR-XL-LG,Patterned Faux Fur XL Throw Blanket,Color,Ivory,YES,YES,
SAR-PTRN-FX-FUR-XL-LG,Patterned Faux Fur XL Throw Blanket,Color,Pomegranate,YES,YES,
SAR-PTRN-FX-FUR-XL-LG,Patterned Faux Fur XL Throw Blanket,Color,Gray,YES,YES,
SAR-PTRN-FX-FUR-XL-LG,Patterned Faux Fur XL Throw Blanket,Color,Charcoal,YES,YES,
SAR-PTRN-FX-FUR-XL-LG,Patterned Faux Fur XL Throw Blanket,Color,Dove,YES,YES,
SAR-PTRN-FX-FUR-XL-LG,Patterned Faux Fur XL Throw Blanket,Color,Eucalyptus,YES,YES,
SAR-PTRN-FX-FUR-XL-LG,Patterned Faux Fur XL Throw Blanket,Color,Cashmere,YES,YES,
SAR-PTRN-FX-FUR-XL-LG,Patterned Faux Fur XL Throw Blanket,Color,Dusty Mauve,YES,YES,
SAR-PTRN-FX-FUR-XL-LG,Patterned Faux Fur XL Throw Blanket,Color,Buff,YES,YES,
SAR-PTRN-FX-FUR-XL-LG,Patterned Faux Fur XL Throw Blanket,Color,Fir,YES,YES,
SAR-PTRN-FX-FUR-XL-LG,Patterned Faux Fur XL Throw Blanket,Color,Dusk,YES,YES,
SAR-PTRN-FX-FUR-XL-LG,Patterned Faux Fur XL Throw Blanket,Color,Copper,YES,YES,
SAR-PTRN-FX-FUR-XL-LG,Patterned Faux Fur XL Throw Blanket,Color,Khaki,YES,YES,
SAR-PTRN-FX-FUR-XL-LG,Patterned Faux Fur XL Throw Blanket,Color,Rouge,YES,YES,
SAR-PTRN-FX-FUR-XL-LG,Patterned Faux Fur XL Throw Blanket,Color,Indigo,YES,YES,
SAR-PTRN-FX-FUR-XL-LG,Patterned Faux Fur XL Throw Blanket,Color,Black,YES,YES,
SAR-PTRN-FX-FUR-XL-LG,Patterned Faux Fur XL Throw Blanket,Color,Currant,YES,YES,
SAR-PTRN-FX-FUR-XL-LG,Patterned Faux Fur XL Throw Blanket,Color,Clove,YES,YES,
SAR-PTRN-FX-FUR-XL-LG,Patterned Faux Fur XL Throw Blanket,Color,Woodland,YES,YES,
SAR-PTRN-FX-FUR-XL-LG,Patterned Faux Fur XL Throw Blanket,Color,Driftwood,YES,YES,
SAR-PTRN-FX-FUR-XL-LG,Patterned Faux Fur XL Throw Blanket,Color,Seabrook,YES,YES,
SAR-RIBBED-BMB,Ribbed Bamboni® Throw Blanket,Color,Cameo,YES,YES,
SAR-RIBBED-BMB,Ribbed Bamboni® Throw Blanket,Color,Moonbeam,OUT OF STOCK,NO,
SAR-RIBBED-BMB,Ribbed Bamboni® Throw Blanket,Color,Ginger,YES,YES,
SAR-RIBBED-BMB,Ribbed Bamboni® Throw Blanket,Color,Charcoal,YES,YES,
SAR-RIBBED-BMB-QUEEN-KING,Ribbed Bamboni® Queen/King Blanket,Color,Cameo,YES,YES,
SAR-RIBBED-BMB-QUEEN-KING,Ribbed Bamboni® Queen/King Blanket,Color,Ginger,YES,YES,
SAR-RIBBED-BMB-QUEEN-KING,Ribbed Bamboni® Queen/King Blanket,Color,Charcoal,YES,YES,
SAR-RIBBED-BMB-XL-LG,Ribbed Bamboni® XL Blanket,Color,Cameo,YES,YES,
SAR-RIBBED-BMB-XL-LG,Ribbed Bamboni® XL Blanket,Color,Moonbeam,OUT OF STOCK,NO,
SAR-RIBBED-BMB-XL-LG,Ribbed Bamboni® XL Blanket,Color,Ginger,YES,YES,
SAR-RIBBED-BMB-XL-LG,Ribbed Bamboni® XL Blanket,Color,Charcoal,OUT OF STOCK,NO,
SAR-RIBBED-BMB-XL-LG,Ribbed Bamboni® XL Blanket,Color,Sun-kissed,YES,YES,
SAR-RIBBED-BMB-XL-LG,Ribbed Bamboni® XL Blanket,Color,Golden,YES,YES,
SAR-RIBBED-BMB-XL-LG,Ribbed Bamboni® XL Blanket,Color,Surf,OUT OF STOCK,NO,
SAR-SATIN-BACK-TOD,Satin Back Toddler Blanket,Color,Navy Twinkle Star,OUT OF STOCK,NO,
SAR-SATIN-BACK-TOD,Satin Back Toddler Blanket,Color,Dainty Floral,YES,YES,
SAR-SATIN-BACK-TOD,Satin Back Toddler Blanket,Color,Sun and Sea,YES,YES,
SAR-SATIN-BACK-TOD,Satin Back Toddler Blanket,Color,Tulip,YES,YES,
SAR-SATIN-BACK-TOD,Satin Back Toddler Blanket,Color,Daisy,YES,YES,
SAR-SATIN-BACK-TOD,Satin Back Toddler Blanket,Color,Cedar,YES,YES,
SAR-SATIN-BACK-TOD,Satin Back Toddler Blanket,Color,Camo,YES,YES,
SAR-SATIN-BACK-TOD,Satin Back Toddler Blanket,Color,Flora,YES,YES,
SAR-SATIN-BACK-TOD,Satin Back Toddler Blanket,Color,Sea Glass,YES,YES,
SAR-SATIN-BORDER-TOD,Satin Border Toddler Blanket,Color,Dusty Peach,YES,YES,
SAR-SATIN-BORDER-TOD,Satin Border Toddler Blanket,Color,Evergreen,YES,YES,
SAR-SATIN-BORDER-TOD,Satin Border Toddler Blanket,Color,Mauve,OUT OF STOCK,YES,HIDE on my site
SAR-SATIN-BORDER-TOD,Satin Border Toddler Blanket,Color,Tan,YES,YES,
SAR-SATIN-BORDER-TOD,Satin Border Toddler Blanket,Color,Navy Twinkle Star,YES,YES,
SAR-SATIN-BORDER-TOD,Satin Border Toddler Blanket,Color,Dainty Floral,YES,YES,
SAR-SATIN-BORDER-TOD,Satin Border Toddler Blanket,Color,Sun and Sea,YES,YES,
SAR-SATIN-BORDER-TOD,Satin Border Toddler Blanket,Color,Tulip,YES,YES,
SAR-SATIN-BORDER-TOD,Satin Border Toddler Blanket,Color,Daisy,YES,YES,
SAR-SATIN-BORDER-TOD,Satin Border Toddler Blanket,Color,Cedar,YES,YES,
SAR-SATIN-BORDER-TOD,Satin Border Toddler Blanket,Color,Camo,YES,YES,
SAR-SATIN-BORDER-TOD,Satin Border Toddler Blanket,Color,Flora,YES,YES,
SAR-SATIN-BORDER-TOD,Satin Border Toddler Blanket,Color,Sea Glass,YES,YES,
SAR-SNUGGLER,Snuggler,Size,Youth,YES,YES,
SAR-SNUGGLER,Snuggler,Size,Teen,YES,NO,ADD to my site
SAR-SNUGGLER,Snuggler,Size,Adult,OUT OF STOCK,NO,
SAR-SNUGGLER,Snuggler,Color,Snow Leopard,YES,YES,
SAR-SNUGGLER,Snuggler,Color,Rose Dust,YES,NO,ADD to my site
SAR-SNUGGLER,Snuggler,Color,Charcoal,YES,YES,
SAR-SNUGGLER,Snuggler,Color,Hunter,OUT OF STOCK,NO,
SAR-SNUGGLER,Snuggler,Color,Oatmeal,YES,YES,
SAR-SNUGGLER,Snuggler,Color,Navy,OUT OF STOCK,NO,
SAR-SNUGGLER,Snuggler,Color,Classic Leopard,OUT OF STOCK,NO,
SAR-STUFFED-ANIMALS,Stuffed Animal,Style,Puppy,YES,YES,
SAR-STUFFED-ANIMALS,Stuffed Animal,Style,Bear,YES,YES,
SAR-STUFFED-ANIMALS,Stuffed Animal,Style,Elephant,YES,YES,
SAR-STUFFED-ANML-LVYS,Stuffed Animal Lovey,Style,Lamb,OUT OF STOCK (confirmed live 2026-07-21),NO,
SAR-STUFFED-ANML-LVYS,Stuffed Animal Lovey,Style,Bear,YES,YES,
SAR-STUFFED-ANML-LVYS,Stuffed Animal Lovey,Style,Elephant,YES,YES,
SAR-STUFFED-ANML-LVYS,Stuffed Animal Lovey,Style,Puppy,YES,YES,
SAR-STUFFED-ANML-LVYS,Stuffed Animal Lovey,Style,Bunny,YES,YES,
SAR-STUFFED-ANML-ROCKERS,Stuffed Animal Rocker,Style,Puppy,YES,YES,
SAR-STUFFED-ANML-ROCKERS,Stuffed Animal Rocker,Style,Bear,YES,YES,
SAR-STUFFED-ANML-ROCKERS,Stuffed Animal Rocker,Style,Elephant,YES,YES,
SAR-SUPERMAN-DBL-LAYER-BMB,Superman™ Double-Layer Bamboni® Blanket,Size,Mini,YES,YES,
SAR-SUPERMAN-DBL-LAYER-BMB,Superman™ Double-Layer Bamboni® Blanket,Size,Receiving,YES,NO,ADD to my site
SAR-SUPERMAN-DBL-LAYER-BMB,Superman™ Double-Layer Bamboni® Blanket,Size,Throw,YES,NO,ADD to my site
SAR-SUPERMAN-DBL-LAYER-BMB,Superman™ Double-Layer Bamboni® Blanket,Size,XL,YES,NO,ADD to my site
SAR-VERY-HGRY-CAT-MNKY-STR,The Very Hungry Caterpillar™ Minky Stretch Luxe Blanket,Size,Mini,OUT OF STOCK,NO,
SAR-VERY-HGRY-CAT-MNKY-STR,The Very Hungry Caterpillar™ Minky Stretch Luxe Blanket,Size,Receiving,OUT OF STOCK,NO,
SAR-VERY-HGRY-CAT-MNKY-STR,The Very Hungry Caterpillar™ Minky Stretch Luxe Blanket,Size,Toddler,OUT OF STOCK,NO,
SAR-WEARABLE,Wearable Blanket,Size,Small Minky,YES,YES,
SAR-WEARABLE,Wearable Blanket,Size,Medium Minky,YES,NO,ADD to my site
SAR-WEARABLE,Wearable Blanket,Size,Small Faux Fur,YES,YES,
SAR-WEARABLE,Wearable Blanket,Size,Medium Faux Fur,YES,NO,ADD to my site
SAR-WEARABLE,Wearable Blanket,Color,Feather,YES,YES,
SAR-WEARABLE,Wearable Blanket,Color,Cream,YES,YES,
SAR-WEARABLE,Wearable Blanket,Color,Hazel,OUT OF STOCK,YES,HIDE on my site
SAR-WFL-KNT,Waffle Knit Throw Blanket,Color,Oxford,YES,YES,
SAR-WFL-KNT,Waffle Knit Throw Blanket,Color,Oatmeal,YES,YES,
SAR-WFL-KNT,Waffle Knit Throw Blanket,Color,Moonbeam,YES,YES,
SAR-WFL-KNT,Waffle Knit Throw Blanket,Color,Allspice,YES,YES,
SAR-WFL-KNT,Waffle Knit Throw Blanket,Color,Thyme,YES,YES,
SAR-WFL-KNT,Waffle Knit Throw Blanket,Color,Chestnut,YES,YES,
SAR-WFL-KNT,Waffle Knit Throw Blanket,Color,Swan,YES,YES,
SAR-WFL-KNT-KING,Waffle Knit King Blanket,Color,Allspice,YES,YES,
SAR-WFL-KNT-KING,Waffle Knit King Blanket,Color,Thyme,YES,YES,
SAR-WFL-KNT-KING,Waffle Knit King Blanket,Color,Oxford,YES,YES,
SAR-WFL-KNT-KING,Waffle Knit King Blanket,Color,Oatmeal,YES,YES,
SAR-WFL-KNT-KING,Waffle Knit King Blanket,Color,Moonbeam,YES,YES,
SAR-WFL-KNT-KING,Waffle Knit King Blanket,Color,Chestnut,OUT OF STOCK,NO,
SAR-WFL-KNT-KING,Waffle Knit King Blanket,Color,Swan,YES,YES,
SAR-WFL-KNT-QUEEN,Waffle Knit Queen Blanket,Color,Allspice,YES,YES,
SAR-WFL-KNT-QUEEN,Waffle Knit Queen Blanket,Color,Thyme,YES,YES,
SAR-WFL-KNT-QUEEN,Waffle Knit Queen Blanket,Color,Oxford,YES,YES,
SAR-WFL-KNT-QUEEN,Waffle Knit Queen Blanket,Color,Oatmeal,YES,YES,
SAR-WFL-KNT-QUEEN,Waffle Knit Queen Blanket,Color,Moonbeam,YES,YES,
SAR-WFL-KNT-QUEEN,Waffle Knit Queen Blanket,Color,Chestnut,YES,YES,
SAR-WFL-KNT-QUEEN,Waffle Knit Queen Blanket,Color,Swan,YES,YES,
SAR-WFL-KNT-ROBES,Waffle Knit Robe,Size,Small,YES,YES,
SAR-WFL-KNT-ROBES,Waffle Knit Robe,Size,Medium,YES,YES,
SAR-WFL-KNT-ROBES,Waffle Knit Robe,Size,Large,YES,YES,
SAR-WFL-KNT-ROBES,Waffle Knit Robe,Size,XL,YES,YES,
SAR-WFL-KNT-ROBES,Waffle Knit Robe,Size,XXL,YES,YES,
SAR-WFL-KNT-ROBES,Waffle Knit Robe,Color,Oxford,YES,YES,
SAR-WFL-KNT-ROBES,Waffle Knit Robe,Color,Oatmeal,YES,YES,
SAR-WFL-KNT-ROBES,Waffle Knit Robe,Color,Moonbeam,YES,YES,
SAR-WFL-KNT-ROBES,Waffle Knit Robe,Color,Allspice,YES,YES,
SAR-WFL-KNT-ROBES,Waffle Knit Robe,Color,Thyme,YES,YES,
SAR-WFL-KNT-ROBES,Waffle Knit Robe,Color,Chestnut,YES,YES,
SAR-WFL-KNT-ROBES,Waffle Knit Robe,Color,Swan,YES,YES,
SAR-WFL-KNT-TOD,Waffle Knit Toddler Blanket,Color,Rosette,YES,YES,
SAR-WFL-KNT-TOD,Waffle Knit Toddler Blanket,Color,Elm,YES,YES,
SAR-WFL-KNT-TOD,Waffle Knit Toddler Blanket,Color,Wheat,YES,YES,
SAR-WFL-KNT-TOD,Waffle Knit Toddler Blanket,Color,Wisteria,YES,YES,
SAR-WFL-KNT-TOD,Waffle Knit Toddler Blanket,Color,Blue Jay,YES,YES,
SAR-WFL-KNT-TOD,Waffle Knit Toddler Blanket,Color,Swan,YES,YES,
SAR-WFL-KNT-TWIN,Waffle Knit Twin Blanket,Color,Allspice,YES,YES,
SAR-WFL-KNT-TWIN,Waffle Knit Twin Blanket,Color,Thyme,YES,YES,
SAR-WFL-KNT-TWIN,Waffle Knit Twin Blanket,Color,Oxford,YES,YES,
SAR-WFL-KNT-TWIN,Waffle Knit Twin Blanket,Color,Oatmeal,YES,YES,
SAR-WFL-KNT-TWIN,Waffle Knit Twin Blanket,Color,Moonbeam,YES,YES,
SAR-WFL-KNT-TWIN,Waffle Knit Twin Blanket,Color,Chestnut,YES,YES,
SAR-WFL-KNT-TWIN,Waffle Knit Twin Blanket,Color,Swan,YES,YES,
SAR-WFL-KNT-XL-LG,Waffle Knit XL Throw Blanket,Color,Oxford,YES,YES,
SAR-WFL-KNT-XL-LG,Waffle Knit XL Throw Blanket,Color,Oatmeal,YES,YES,
SAR-WFL-KNT-XL-LG,Waffle Knit XL Throw Blanket,Color,Moonbeam,YES,YES,
SAR-WFL-KNT-XL-LG,Waffle Knit XL Throw Blanket,Color,Allspice,YES,YES,
SAR-WFL-KNT-XL-LG,Waffle Knit XL Throw Blanket,Color,Thyme,YES,YES,
SAR-WFL-KNT-XL-LG,Waffle Knit XL Throw Blanket,Color,Chestnut,OUT OF STOCK,NO,
SAR-WFL-KNT-XL-LG,Waffle Knit XL Throw Blanket,Color,Swan,YES,YES,
SAR-WIZARDIN-WORLD-CHARM,Wizarding World™ Charm Minky/Lush Blanket,Size,Mini,YES,YES,
SAR-WIZARDIN-WORLD-CHARM,Wizarding World™ Charm Minky/Lush Blanket,Size,Receiving,YES,NO,ADD to my site
SAR-WIZARDIN-WORLD-CHARM,Wizarding World™ Charm Minky/Lush Blanket,Size,Toddler,YES,NO,ADD to my site
SAR-WIZARDIN-WORLD-CHARM,Wizarding World™ Charm Minky/Lush Blanket,Size,XL,YES,NO,ADD to my site
SAR-WONDER-WOMAN-DBL-LAYER,Wonder Woman™ Double-Layer Bamboni® Blanket,Size,Mini,YES,YES,
SAR-WONDER-WOMAN-DBL-LAYER,Wonder Woman™ Double-Layer Bamboni® Blanket,Size,Receiving,YES,NO,ADD to my site
SAR-WONDER-WOMAN-DBL-LAYER,Wonder Woman™ Double-Layer Bamboni® Blanket,Size,Throw,YES,NO,ADD to my site
SAR-WONDER-WOMAN-DBL-LAYER,Wonder Woman™ Double-Layer Bamboni® Blanket,Size,XL,YES,NO,ADD to my site
