volusion_code,collection,finish,size,product_name,steve_silver_sku,steve_silver_url,description,techspecs,related_pieces,image_main,image_thumbnail,image_source_url
SS-BC900KFB,Bear Creek,White Smoke / Honey Smoke,King,Bear Creek King Bed,BC900-KBED,https://stevesilver.com/product/bear-creek-3-piece-king-bed/,"A rustic, farmhouse-inspired bed, Bear Creek features a white-smoke finish that contrasts beautifully with honey-smoke stained tops and cap rails. The chevron patterned headboard and footboard is offered in King and Queen sizes and the bedroom collection offers a variety of storage items with ultra-deep drawers supported by side drawer glides for easy operation.","A rustic, farmhouse-inspired bed, Bear Creek features a white-smoke finish that contrasts beautifully with honey-smoke stained tops and cap rails. The chevron patterned headboard and footboard is offered in King and Queen sizes and the bedroom collection offers a variety of storage items with ultra-deep drawers supported by side drawer glides for easy operation.

Features:
• Beds available in King or Queen sizes
• Styling details include chevron patterned headboard and footboard with planked-effect drawer fronts and antiqued pewter finish hardware.
• Available Nightstand, Dresser and Chest feature deep, double-stacked drawers for functional storage of clothing or other bulky items.
• White-smoke finish with honey-smoke accent tops and cap rails","SS-BC900NS, SS-BC900DR, SS-BC900CTT, SS-BC900MR",catalog/steve-silver-beds/images/SS-BC900KFB-1.jpg,catalog/steve-silver-beds/images/SS-BC900KFB-1T.jpg,https://stevesilver.com/wp-content/uploads/2020/01/SteveSilverFurniture_BearCreek_BC900KHB_BC900KFB_BC900CKR_DTL21.jpg
SS-BC900QFB,Bear Creek,White Smoke / Honey Smoke,Queen,Bear Creek Queen Bed,BC900-QBED,https://stevesilver.com/product/bear-creek-3-piece-queen-bed/,"A rustic, farmhouse-inspired bed, Bear Creek features a white-smoke finish that contrasts beautifully with honey-smoke stained tops and cap rails. The chevron patterned headboard and footboard is offered in King and Queen sizes and the bedroom collection offers a variety of storage items with ultra-deep drawers supported by side drawer glides for easy operation.","A rustic, farmhouse-inspired bed, Bear Creek features a white-smoke finish that contrasts beautifully with honey-smoke stained tops and cap rails. The chevron patterned headboard and footboard is offered in King and Queen sizes and the bedroom collection offers a variety of storage items with ultra-deep drawers supported by side drawer glides for easy operation.

Features:
• Beds available in King or Queen sizes
• Styling details include chevron patterned headboard and footboard with planked-effect drawer fronts and antiqued pewter finish hardware.
• Available Nightstand, Dresser and Chest feature deep, double-stacked drawers for functional storage of clothing or other bulky items.
• White-smoke finish with honey-smoke accent tops and cap rails","SS-BC900NS, SS-BC900DR, SS-BC900CTT, SS-BC900MR",catalog/steve-silver-beds/images/SS-BC900QFB-1.jpg,catalog/steve-silver-beds/images/SS-BC900QFB-1T.jpg,https://stevesilver.com/wp-content/uploads/2020/01/BearCreek_BC900QHB_DTL1.jpg
SS-BC950KFB,Bear Creek,Brown,King,"Bear Creek King Bed, Brown",BC950-KBED,https://stevesilver.com/product/bear-creek-king-bed-brown/,"A rustic, farmhouse-inspired bed, Bear Creek features a chocolate finish that contrasts beautifully with honey-smoke stained tops and cap rails. The chevron patterned headboard and footboard is offered in King and Queen sizes and the bedroom collection offers a variety of storage items with ultra-deep drawers supported by side drawer glides for easy operation.","A rustic, farmhouse-inspired bed, Bear Creek features a chocolate finish that contrasts beautifully with honey-smoke stained tops and cap rails. The chevron patterned headboard and footboard is offered in King and Queen sizes and the bedroom collection offers a variety of storage items with ultra-deep drawers supported by side drawer glides for easy operation.

Features:
• Beds available in King or Queen sizes
• Styling details include chevron patterned headboard and footboard with planked-effect drawer fronts and antiqued pewter finish hardware.
• Available Nightstand, Dresser and Chest feature deep, double-stacked drawers for functional storage of clothing or other bulky items.
• Chocolate finish with honey-smoke accent tops and cap rails","SS-BC950NSB, SS-BC950DRB, SS-BC950CTBT, SS-BC950MRB",catalog/steve-silver-beds/images/SS-BC950KFB-1.jpg,catalog/steve-silver-beds/images/SS-BC950KFB-1T.jpg,https://stevesilver.com/wp-content/uploads/2020/03/Bear_Creek_BC950_-KFBB_KHBB_SRB_VG1.jpg
SS-BC950QFB,Bear Creek,Brown,Queen,"Bear Creek Queen Bed, Brown",BC950-QBED,https://stevesilver.com/product/bear-creek-queen-bed/,"A rustic, farmhouse-inspired bed, Bear Creek features a chocolate finish that contrasts beautifully with honey-smoke stained tops and cap rails. The chevron patterned headboard and footboard is offered in King and Queen sizes and the bedroom collection offers a variety of storage items with ultra-deep drawers supported by side drawer glides for easy operation.","A rustic, farmhouse-inspired bed, Bear Creek features a chocolate finish that contrasts beautifully with honey-smoke stained tops and cap rails. The chevron patterned headboard and footboard is offered in King and Queen sizes and the bedroom collection offers a variety of storage items with ultra-deep drawers supported by side drawer glides for easy operation.

Features:
• Beds available in King or Queen sizes
• Styling details include chevron patterned headboard and footboard with planked-effect drawer fronts and antiqued pewter finish hardware.
• Available Nightstand, Dresser and Chest feature deep, double-stacked drawers for functional storage of clothing or other bulky items.
• Chocolate finish with honey-smoke accent tops and cap rails","SS-BC950NSB, SS-BC950DRB, SS-BC950CTBT, SS-BC950MRB",catalog/steve-silver-beds/images/SS-BC950QFB-1.jpg,catalog/steve-silver-beds/images/SS-BC950QFB-1T.jpg,https://stevesilver.com/wp-content/uploads/2020/03/Bear_Creek_BC950_-KFBB_KHBB_SRB_VG1.jpg
SS-CAS900KFB,Cassie Illuminating,Shimmering Pearl,King,"Cassie Illuminating King Bed, Shimmering Pearl Finish",CAS900-KBED,https://stevesilver.com/product/cassie-illuminating-king-bed/,"The Cassie King Bed transforms your bedroom into a haven of glam chic. Its shimmering pearl finish is accentuated by crystal inlaid borders at the top and bottom, adding a radiant touch. The headboard features an illuminating border that, with the flip of a switch, creates a captivating ambiance and doubles as a practical reading light. Beyond its stunning appearance, the bed is equipped with built-in USB/USB-C chargers on each side, offering convenient organization and charging for your electronics.","The Cassie King Bed transforms your bedroom into a haven of glam chic. Its shimmering pearl finish is accentuated by crystal inlaid borders at the top and bottom, adding a radiant touch. The headboard features an illuminating border that, with the flip of a switch, creates a captivating ambiance and doubles as a practical reading light. Beyond its stunning appearance, the bed is equipped with built-in USB/USB-C chargers on each side, offering convenient organization and charging for your electronics.

Features:
• Crafted from engineered woods and Asian hardwood solids
• The headboard and footboard are accented with crystal in-laid borders tjhat sparkle with glam elegance. The headboard illuminates with a warm glow at the flip of a switch, creating an enchanting and inviting atmosphere.
• USB and USB-C charging ports on each side of the headboard offer convenient and accessible device charging
• The crystal in-laid border sparkles with glam elegance, illuminating with a warm glow at the flip of a switch, creating an enchanting and inviting atmosphere.
• The 5-slat support system with dual center supports ensures superior stability, preventing sagging and extending mattress life.
• The King Bed is bathed in a shimmering pearl finish, creating a stunning accent that elevates the beauty of any room
• The channeled two-tone cushioned fabric headboard from 100% polyester softens a room’s décor
• Product Measurements: 82″W x 65″D x 51″H","SS-CAS900NS, SS-CAS900DR, SS-CAS900C, SS-CAS900M",catalog/steve-silver-beds/images/SS-CAS900KFB-1.jpg,catalog/steve-silver-beds/images/SS-CAS900KFB-1T.jpg,https://stevesilver.com/wp-content/uploads/2024/09/Cassie_CAS900-KBED_WS1_copy.jpg
SS-CAS900QFB,Cassie Illuminating,Shimmering Pearl,Queen,"Cassie Illuminating Queen Bed, Shimmering Pearl Finish",CAS900-QBED,https://stevesilver.com/product/cassie-illuminating-queen-bed/,"The Cassie Queen Bed transforms your bedroom into a haven of glam chic. Its shimmering pearl finish is accentuated by crystal inlaid borders at the top and bottom, adding a radiant touch. The headboard features an illuminating border that, with the flip of a switch, creates a captivating ambiance and doubles as a practical reading light. Beyond its stunning appearance, the bed is equipped with built-in USB/USB-C chargers on each side, offering convenient organization and charging for your electronics. CASSIE KING 4 PIECE BEDROOM SET","The Cassie Queen Bed transforms your bedroom into a haven of glam chic. Its shimmering pearl finish is accentuated by crystal inlaid borders at the top and bottom, adding a radiant touch. The headboard features an illuminating border that, with the flip of a switch, creates a captivating ambiance and doubles as a practical reading light. Beyond its stunning appearance, the bed is equipped with built-in USB/USB-C chargers on each side, offering convenient organization and charging for your electronics. CASSIE KING 4 PIECE BEDROOM SET

Features:
• Crafted from engineered woods and Asian hardwood solids
• The headboard and footboard are accented with crystal in-laid borders tjhat sparkle with glam elegance. The headboard illuminates with a warm glow at the flip of a switch, creating an enchanting and inviting atmosphere.
• USB and USB-C charging ports on each side of the headboard offer convenient and accessible device charging
• The crystal in-laid border sparkles with glam elegance, illuminating with a warm glow at the flip of a switch, creating an enchanting and inviting atmosphere.
• The 5-slat support system with dual center supports ensures superior stability, preventing sagging and extending mattress life.
• The Queen Bed is bathed in a shimmering pearl finish, creating a stunning accent that elevates the beauty of any room
• The channeled two-tone cushioned fabric headboard from 100% polyester softens a room’s décor
• Product Measurements: 63.25″W x 88″D x 51″H","SS-CAS900NS, SS-CAS900DR, SS-CAS900C, SS-CAS900M",catalog/steve-silver-beds/images/SS-CAS900QFB-1.jpg,catalog/steve-silver-beds/images/SS-CAS900QFB-1T.jpg,https://stevesilver.com/wp-content/uploads/2024/09/CAS900-QBED_WS2_copy.jpg
SS-HP900KFBW,Highland Park,Cathedral White,King,"Highland Park King Bed, Cathedral White",HP900KBW,https://stevesilver.com/product/highland-park-3-piece-king-bed-cathedral-white/,"Get the finest in romantic, vintage styling with Highland Park by Steve Silver Company. This bedroom collection features a multi-step, distressed Cathedral White finish that evokes the feeling of time-worn antiques with all the amenities today designs offer (like USB chargers in the nightstand). Refresh your bedroom with the nostalgia of Highland Park.","Get the finest in romantic, vintage styling with Highland Park by Steve Silver Company. This bedroom collection features a multi-step, distressed Cathedral White finish that evokes the feeling of time-worn antiques with all the amenities today designs offer (like USB chargers in the nightstand). Refresh your bedroom with the nostalgia of Highland Park.

Features:
• Constructed of hardwood solids and veneers in a multi-step cathedral white finish
• Styling details include vintage finish, framed button-tufted headboard, framed door fronts and pewter finish hardware
• Storage pieces include dresser, chest, and vanity","SS-HP900NSW, SS-HP900CTWT, SS-HP900MRW",catalog/steve-silver-beds/images/SS-HP900KFBW-1.jpg,catalog/steve-silver-beds/images/SS-HP900KFBW-1T.jpg,https://stevesilver.com/wp-content/uploads/2019/08/HP900QFBW.jpg
SS-HP900QFBW,Highland Park,Cathedral White,Queen,"Highland Park Queen Bed, Cathedral White",HP900QBW,https://stevesilver.com/product/highland-park-3-piece-queen-bed-cathedral-white/,"Get the finest in romantic, vintage styling with Highland Park by Steve Silver Company. This bedroom collection features a multi-step, distressed Cathedral White finish that evokes the feeling of time-worn antiques with all the amenities today designs offer (like USB chargers in the nightstand). Refresh your bedroom with the nostalgia of Highland Park.","Get the finest in romantic, vintage styling with Highland Park by Steve Silver Company. This bedroom collection features a multi-step, distressed Cathedral White finish that evokes the feeling of time-worn antiques with all the amenities today designs offer (like USB chargers in the nightstand). Refresh your bedroom with the nostalgia of Highland Park.

Features:
• Constructed of hardwood solids and veneers in a multi-step cathedral white finish
• Styling details include vintage finish, framed button-tufted headboard, framed door fronts and pewter finish hardware
• Storage pieces include dresser, chest, and vanity","SS-HP900NSW, SS-HP900CTWT, SS-HP900MRW",catalog/steve-silver-beds/images/SS-HP900QFBW-1.jpg,catalog/steve-silver-beds/images/SS-HP900QFBW-1T.jpg,https://stevesilver.com/wp-content/uploads/2019/08/HP900QFBW.jpg
SS-HP900KFBD,Highland Park,Waxed Driftwood,King,"Highland Park King Bed, Waxed Driftwood",HP900KBD,https://stevesilver.com/product/highland-park-3-piece-king-bed-waxed-driftwood/,"Get the finest in romantic, vintage styling with Highland Park by Steve Silver Company. This bedroom collection features a multi-step, distressed waxed driftwood finish that evokes the feeling of time-worn antiques with all the amenities today designs offer (like USB chargers in the nightstand). Refresh your bedroom with the nostalgia of Highland Park.","Get the finest in romantic, vintage styling with Highland Park by Steve Silver Company. This bedroom collection features a multi-step, distressed waxed driftwood finish that evokes the feeling of time-worn antiques with all the amenities today designs offer (like USB chargers in the nightstand). Refresh your bedroom with the nostalgia of Highland Park.

Features:
• Constructed of hardwood solids and veneers
• Styling details include vintage finish, framed button-tufted headboard, framed door fronts and pewter finish hardware
• Storage pieces include dresser, chest, and vanity
• Multi-step waxed driftwood finish","SS-HP900NSD, SS-HP900CTDT, SS-HP900MRD",catalog/steve-silver-beds/images/SS-HP900KFBD-1.jpg,catalog/steve-silver-beds/images/SS-HP900KFBD-1T.jpg,https://stevesilver.com/wp-content/uploads/2020/01/SteveSilverFurniture_HighlandPark_HP900KHB_HP900KFB_VG1.jpg
SS-HP900QFBD,Highland Park,Waxed Driftwood,Queen,"Highland Park Queen Bed, Waxed Driftwood",HP900QBD,https://stevesilver.com/product/highland-park-3-piece-queen-bed-waxed-driftwood/,"Get the finest in romantic, vintage styling with Highland Park by Steve Silver Company. This bedroom collection features a multi-step, distressed waxed driftwood finish that evokes the feeling of time-worn antiques with all the amenities today designs offer (like USB chargers in the nightstand). Refresh your bedroom with the nostalgia of Highland Park.","Get the finest in romantic, vintage styling with Highland Park by Steve Silver Company. This bedroom collection features a multi-step, distressed waxed driftwood finish that evokes the feeling of time-worn antiques with all the amenities today designs offer (like USB chargers in the nightstand). Refresh your bedroom with the nostalgia of Highland Park.

Features:
• Constructed of hardwood solids and veneers
• Styling details include vintage finish, framed button-tufted headboard, framed door fronts and pewter finish hardware
• Storage pieces include dresser, chest, and vanity
• Multi-step waxed driftwood finish","SS-HP900NSD, SS-HP900CTDT, SS-HP900MRD",catalog/steve-silver-beds/images/SS-HP900QFBD-1.jpg,catalog/steve-silver-beds/images/SS-HP900QFBD-1T.jpg,https://stevesilver.com/wp-content/uploads/2020/01/SteveSilverFurniture_HighlandPark_HP900KHB_HP900KFB_VG1.jpg
SS-MON900KFB,Montana,Sand,King,"Montana King Bed, Sand",MON900-KBED-S,https://stevesilver.com/product/montana-king-bed-sand/,"Relaxed and rustic, the Montana King bed brings casual style to today’s bedroom. A warm weathered sand finish complements most interiors with a primitive design that offers simple sophistication with details like a framed Chevron patterned Headboard and Footboard. Whether in the guest room or the Master Bedroom, Montana dresses up a bedroom without making it stuffy.","Relaxed and rustic, the Montana King bed brings casual style to today’s bedroom. A warm weathered sand finish complements most interiors with a primitive design that offers simple sophistication with details like a framed Chevron patterned Headboard and Footboard. Whether in the guest room or the Master Bedroom, Montana dresses up a bedroom without making it stuffy.

Features:
• Crafted from Asian hardwoods, Acacia veneers and engineered woods
• Chevron pattered Headboard with double windowpane edge creates a substantial look
• Finished back adds versatility and style, allowing placement anywhere in the room.
• Slotted with pre-drilled holes for Headboard and Footboard attachment
• Five slat system with dual center support to prevent center sagging
• The wood is hand-stained in a natural multi-step weathered sand finish to highlight the natural grain and knots of the wood","SS-MON900NSS, SS-MON900DRST, SS-MON900CS",catalog/steve-silver-beds/images/SS-MON900KFB-1.jpg,catalog/steve-silver-beds/images/SS-MON900KFB-1T.jpg,https://stevesilver.com/wp-content/uploads/2023/01/SteveSilverFurniture_Montana_MON900-KBED-S_WS2A.jpg
SS-MON900QFB,Montana,Sand,Queen,"Montana Queen Bed, Sand",MON900-QBED-S,https://stevesilver.com/product/montana-queen-bed-sand/,"Relaxed and rustic, the Montana Queen bed brings casual style to today's bedroom. A casual weathered sand finish complements most interiors with a primitive design that offers simple sophistication with details like a framed Chevron patterned Headboard and Footboard. Whether in the guest room or the Master Bedroom, Montana dresses up a bedroom without making it stuffy.","Relaxed and rustic, the Montana Queen bed brings casual style to today's bedroom. A casual weathered sand finish complements most interiors with a primitive design that offers simple sophistication with details like a framed Chevron patterned Headboard and Footboard. Whether in the guest room or the Master Bedroom, Montana dresses up a bedroom without making it stuffy.

Features:
• Crafted from Asian hardwoods, acacia veneers and engineered woods
• Chevron pattered Headboard with double windowpane edge creates a substantial look
• Finished back adds versatility and style, allowing placement anywhere in the room.
• Slotted with pre-drilled holes for Headboard and Footboard attachment
• Three slat system with dual center support to prevent center sagging
• The wood is hand-stained in a natural multi-step weathered sand finish to highlight the natural grain and knots of the wood","SS-MON900NSS, SS-MON900DRST, SS-MON900CS",catalog/steve-silver-beds/images/SS-MON900QFB-1.jpg,catalog/steve-silver-beds/images/SS-MON900QFB-1T.jpg,https://stevesilver.com/wp-content/uploads/2023/01/SteveSilverFurniture_Montana_MON900-KBED-S_WS2A.jpg
SS-RV900KFB,Riverdale,Natural,King,Riverdale King Storage Bed,RV900-KSBED,https://stevesilver.com/product/riverdale-king-storage-bed/,"The Riverdale King Storage Bed expertly combines rustic charm with functional design. Crafted from pine veneers and Asian hardwoods, this bed features exquisite wood scoring and saw rasping distressing, infusing each piece with unique character. The driftwood finish adds a light, airy touch to your bedroom decor, enhancing its casual ambiance. With two spacious storage drawers, it provides ample space to organize essentials. Ideal for a laid-back bedroom setting, the Riverdale Bed's relaxed style promises comfort and serenity, making it a perfect retreat at the end of the day.","The Riverdale King Storage Bed expertly combines rustic charm with functional design. Crafted from pine veneers and Asian hardwoods, this bed features exquisite wood scoring and saw rasping distressing, infusing each piece with unique character. The driftwood finish adds a light, airy touch to your bedroom decor, enhancing its casual ambiance. With two spacious storage drawers, it provides ample space to organize essentials. Ideal for a laid-back bedroom setting, the Riverdale Bed's relaxed style promises comfort and serenity, making it a perfect retreat at the end of the day.

Features:
• Bed includes King Panel Headboard, King Panel Footboard and Side Rails
• Saw rasping and wood scoring distressing adds character and rustic charm to the Storage Bed
• Two working drawers feature side drawer glides and offer valuable under-bed storage for the bedroom
• The wood is hand-stained in a natural multi-step driftwood finish to highlight the natural grain and knots of the wood
• Easy Assembly, all tools included
• King Bed Dimensions: 83″W x 90″D x 64″H","SS-RV900NS, SS-RV900DR, SS-RV900C, SS-RV900M",catalog/steve-silver-beds/images/SS-RV900KFB-1.jpg,catalog/steve-silver-beds/images/SS-RV900KFB-1T.jpg,https://stevesilver.com/wp-content/uploads/2023/02/SteveSilverFurniture_Riverdale_RV900-KSBED_WS2A.jpg
SS-RV900QFB,Riverdale,Natural,Queen,Riverdale Queen Storage Bed,RV900-QSBED,https://stevesilver.com/product/riverdale-queen-storage-bed/,"The Riverdale Queen Storage Bed expertly combines rustic charm with functional design. Crafted from pine veneers and Asian hardwoods, this bed features exquisite wood scoring and saw rasping distressing, infusing each piece with unique character. The driftwood finish adds a light, airy touch to your bedroom decor, enhancing its casual ambiance. With two spacious storage drawers, it provides ample space to organize essentials. Ideal for a laid-back bedroom setting, the Riverdale Bed’s relaxed style promises comfort and serenity, making it a perfect retreat at the end of the day.","The Riverdale Queen Storage Bed expertly combines rustic charm with functional design. Crafted from pine veneers and Asian hardwoods, this bed features exquisite wood scoring and saw rasping distressing, infusing each piece with unique character. The driftwood finish adds a light, airy touch to your bedroom decor, enhancing its casual ambiance. With two spacious storage drawers, it provides ample space to organize essentials. Ideal for a laid-back bedroom setting, the Riverdale Bed’s relaxed style promises comfort and serenity, making it a perfect retreat at the end of the day.

Features:
• Crafted of pine and Asian hardwood solids, pine veneers and engineered woods
• Saw rasping and wood scoring distressing adds character and rustic charm to the Storage Bed
• Two working drawers feature side drawer glides and offer valuable under-bed storage for the bedroom
• The wood is hand-stained in a natural multi-step driftwood finish to highlight the natural grain and knots of the wood
• Easy Assembly, all tools included
• Queen Bed Dimensions: 67″W x 90″D x 64″H","SS-RV900NS, SS-RV900DR, SS-RV900C, SS-RV900M",catalog/steve-silver-beds/images/SS-RV900QFB-1.jpg,catalog/steve-silver-beds/images/SS-RV900QFB-1T.jpg,https://stevesilver.com/wp-content/uploads/2023/02/SteveSilverFurniture_Riverdale_RV900-KSBED_WS2A.jpg
SS-SIG900KFB,Sigmund,Gray,King,Sigmund King Bed,SIG900KB,https://stevesilver.com/product/sigmund-king-bed/,"The Sigmund King Bed blends modern rustic styling with exceptional comfort. Crafted from solid Asian hardwoods, oak veneers, and engineered woods, it features a rich sable stain paired with a cream polyester-upholstered headboard insert—creating a cozy spot for reading or watching TV. Softly rounded corners, smooth edges, and the signature Sigmund open-space design complete the look, bringing warmth and contemporary character to any bedroom.","The Sigmund King Bed blends modern rustic styling with exceptional comfort. Crafted from solid Asian hardwoods, oak veneers, and engineered woods, it features a rich sable stain paired with a cream polyester-upholstered headboard insert—creating a cozy spot for reading or watching TV. Softly rounded corners, smooth edges, and the signature Sigmund open-space design complete the look, bringing warmth and contemporary character to any bedroom.

Features:
• Expertly crafted of solid Asian hardwoods, oak veneers, engineered woods, polyester fabric and foam.
• Kiln-dried wood helps prevent warping, splitting, cracking and developing mildew
• Adjustable levelers add stability on uneven surfaces.
• The headboard and footboard inserts are crafted from durable 100% polyester fabric cover for exceptional protection, fade-resistance, and easy maintenance for long-lasting beauty and convenience
• The wood is hand-stained in a natural multi-step sable finish to highlight the natural grain and knots of the wood.
• The wire-brushed finish adds depth and character to the chair, making it a truly unique and stylish addition to any space.
• The King bed includes a four-slat support system with dual center supports to enhance stability and help prevent mattress sagging. A box spring is recommended for optimal performance.
• Product Measurements: 80.5″W x 88″D x 54″H","SS-SIG900NS, SS-SIG900DR, SS-SIG900C",catalog/steve-silver-beds/images/SS-SIG900KFB-1.jpg,catalog/steve-silver-beds/images/SS-SIG900KFB-1T.jpg,https://stevesilver.com/wp-content/uploads/2025/11/SteveSilverFurniture_Sigmund_SIG900-KBED_WS3.jpg
SS-SIG900QFB,Sigmund,Gray,Queen,Sigmund Queen Bed,SIG900QB,https://stevesilver.com/product/sigmund-queen-bed/,"The Sigmund Queen Bed blends modern rustic styling with exceptional comfort. Crafted from solid Asian hardwoods, oak veneers, and engineered woods, it features a rich sable stain paired with a cream polyester-upholstered headboard insert—creating a cozy spot for reading or watching TV. Softly rounded corners, smooth edges, and the signature Sigmund open-space design complete the look, bringing warmth and contemporary character to any bedroom.","The Sigmund Queen Bed blends modern rustic styling with exceptional comfort. Crafted from solid Asian hardwoods, oak veneers, and engineered woods, it features a rich sable stain paired with a cream polyester-upholstered headboard insert—creating a cozy spot for reading or watching TV. Softly rounded corners, smooth edges, and the signature Sigmund open-space design complete the look, bringing warmth and contemporary character to any bedroom.

Features:
• Expertly crafted of solid Asian hardwoods, oak veneers, engineered woods, polyester fabric and foam.
• Kiln-dried wood helps prevent warping, splitting, cracking and developing mildew
• Adjustable levelers add stability on uneven surfaces.
• The headboard and footboard inserts are crafted from durable 100% polyester fabric cover for exceptional protection, fade-resistance, and easy maintenance for long-lasting beauty and convenience
• The wood is hand-stained in a natural multi-step sable finish to highlight the natural grain and knots of the wood.
• The wire-brushed finish adds depth and character to the chair, making it a truly unique and stylish addition to any space.
• The Queen bed includes a four-slat support system with dual center supports to enhance stability and help prevent mattress sagging. A box spring is recommended for optimal performance.
• Product Measurements: 64.5″W x 88″D x 54″H","SS-SIG900NS, SS-SIG900DR, SS-SIG900C",catalog/steve-silver-beds/images/SS-SIG900QFB-1.jpg,catalog/steve-silver-beds/images/SS-SIG900QFB-1T.jpg,https://stevesilver.com/wp-content/uploads/2025/11/SteveSilverFurniture_Sigmund_SIG900-QBED_WS3.1-1.jpg
