productcode,productdescription
TMH-ACC-CARRYALL-PINK,"<p>Meet the ultimate carry-all, thoughtfully designed to hold everything you need for a perfect Mahjong game on-the-go. Spacious enough for multiple sets of tiles, racks, mats, and your everyday essentials—think water bottle, lipstick, and more—this bag is made for Mahjong enthusiasts who love to play anywhere, anytime. Crafted from durable yet chic canvas and adorned with The Mahjong House’s elegant logo, it brings a touch of sophistication to every adventure.</p>
<p>Material: 24 oz canvas</p>
<p>Dimensions: 22"" x 16"" x 6""</p>
<p>Weight: Approx. 2 lb total</p>"
TMH-ACC-CARRYALL-RED,"<p>Meet the ultimate carry-all, thoughtfully designed to hold everything you need for a perfect Mahjong game on-the-go. Spacious enough for multiple sets of tiles, racks, mats, and your everyday essentials—think water bottle, lipstick, and more—this bag is made for Mahjong enthusiasts who love to play anywhere, anytime. Crafted from durable yet chic canvas and adorned with The Mahjong House’s elegant logo, it brings a touch of sophistication to every adventure.</p>
<p>Material: 24 oz canvas</p>
<p>Dimensions: 22"" x 16"" x 6""</p>
<p>Weight: Approx. 2 lb total</p>"
TMH-ACC-PURP-TAN-RAFFIA,"<p>Our large purple and natural striped raffia bag is the perfect blend of style and functionality. Designed to hold your Mahjong racks and tiles, this chic bag doubles as an everyday purse, bringing a touch of island-inspired elegance wherever you go.</p>
<p>Product Details:</p>
<p>Material: Raffia exterior and canvas interior</p>
<p>Dimensions: 22"" x 9"" x 0.25""</p>
<p>Weight: Approx. 1 lb total</p>"
TMH-ACC-RATTAN-TILE-BOX,"<p>Elevate your game night with a touch of tropical elegance. Our <b>Rattan Tile Box</b> is a stylish and functional way to store your full-size set of mahjong tiles. Handcrafted with meticulous attention to detail, this box blends the natural warmth of rattan with a design inspired by the breezy sophistication of The Bahamas and the vivid colors of the tropics.</p>
<p>Part of our <b>Island Collection</b>, this box perfectly captures the spirit of a sun-soaked escape. Its soft, sandy neutral tones evoke the charm of carefree days by the beach, while its sturdy design ensures your tiles are beautifully and securely housed between games.</p>"
TMH-ACC-WHT-TAN-RAFFIA,"<p>Our white and natural striped raffia bag is the perfect blend of style and functionality. Designed to hold your mahjong tiles, this chic bag doubles as an everyday purse, bringing a touch of island-inspired elegance wherever you go.</p>
<p>Product Details:</p>
<p>Material: Raffia exterior and canvas interior</p>
<p>Dimensions: 9.25"" x 12.25"" x 0.25""</p>
<p>Weight: Approx. 1 lb total</p>"
TMH-ACC-ZIP-RECT-TILE-BAG,"<p>Take your Mahjong tiles on-the-go with style and ease with our canvas logo bag. Designed for Mahjong enthusiasts who love to play anywhere, this sturdy yet chic canvas bag keeps your tiles safe and ready for any adventure. Adorned with The Mahjong House’s elegant logo, it brings a touch of sophistication to every game. Whether you’re headed to a friend’s house, a cozy cabin, or a tropical getaway, this bag is the perfect way to store and transport your tiles in style. Grab yours and let the games begin, wherever life takes you!</p>"
TMH-ACC-ZIP-SQ-TILE-BAG,"<p>Take your Mahjong tiles on the go with style and ease with our canvas zipper bag. Designed for Mahjong enthusiasts who love to play anywhere, this sturdy yet chic canvas bag keeps your tiles safe and ready for any adventure. Adorned with The Mahjong House’s elegant logo, it brings a touch of sophistication to every game. Whether you’re headed to a friend’s house, a cozy cabin, or a tropical getaway, this bag is the perfect way to store and transport your favorite tiles in style. Grab yours and let the games begin, wherever life takes you!</p>"
TMH-MAT-AMETHYST-GEM-MAT,"<p>Bring twice the brilliance to your game with our Amethyst Gem Double-Sided Mahjong Mat. One side features one large faceted amethyst and the other side a pattern of all of our Jewel Collection jewels. This mat creates a stunning backdrop, especially to our Jewels! Amethyst House Tiles, but is designed to mix-and-match with any tiles in the Jewels House Collection, adding many interesting facets to every jewel of a game.</p>"
TMH-MAT-AMETHYST-TABLE-MAT,"<p>Pull up a chair and bring twice the style to your game with our Amethyst Table Double-Sided Mahjong Mat. This elegant, minimalist tone-on-tone design is inspired by the traditional table set up for a game of mahjong. One side features one large shape and the other side a pattern of four. This mat creates a stunning backdrop, especially to our Jewels! Amethyst House Tiles, but is designed to mix-and-match with any tiles in the Jewels House Collection, adding luster to every jewel of a game.</p>"
TMH-MAT-BLU-PNK-FLWR-BDR,"<p>Elevate your Mahjong experience with our stunning mat, adorned in lovely blue & pink hues and featuring an elegant floral border. This beautifully designed mat provides the perfect backdrop for your game, enhancing every tile with a touch of refined style.</p>"
TMH-MAT-BLUE-FLOWER-BORDER-MAT,"<p>Elevate your Mahjong experience with our stunning mat, adorned in lovely blue hues and featuring an elegant floral border. This beautifully designed mat provides the perfect backdrop for your game, enhancing every tile with a touch of refined style.</p>"
TMH-MAT-BLUE-ISLAND-BORDER-MAT,"<p>Dive into the beauty of the tropics with our Island Collection Mahjong Mat. Featuring a vibrant palette of tropical colors and an elegant border adorned with seashells and ocean-inspired designs, this mat brings the serenity of the seaside to your game. Perfect for creating a relaxed, breezy vibe, it’s an ideal backdrop for any Mahjong gathering. Let the soothing coastal charm of this mat transport you to your favorite island getaway with every hand.</p>
<p>PLEASE NOTE: The Mahjong House’s Island, Texas, and Classic collection products do not have branded/descriptive packaging; the tile sets each ship in a branded MAHJONG HOUSE drawstring bag and their mats ship without wrapping or labels.</p>"
TMH-MAT-BLUE-MAT,"<p>Bring double the elegance to your game with our brand new reversible mahjong mat. That's two beautiful mats in one! One side features a delicate peony design in blues on a light purple field. The other side is our Mahjong House flower border in navy on a light blue field. This mat creates a stunning backdrop, especially to any tiles in our House Collection, adding warmth and charm to every game. Mats at The Mahjong House are designed to make each hand feel as special as the last.</p>
<p>Materials: Spandex & Rubber; Machine Washable: Dimensions: 31.5"" x 31.5""</p>"
TMH-MAT-BLUE-PEONY-MAT,"<p>Bring elegance to your game with our favorite Mahjong mat, featuring a delicate peony design in corals and pinks. This mat creates a stunning backdrop, adding warmth and charm to every game. Designed to make each hand feel as special as the last.</p>"
TMH-MAT-CORAL-PEONY-MAT,"<p>Bring elegance to your game with our favorite Mahjong mat, featuring a delicate peony design in corals and pinks. This mat creates a stunning backdrop, adding warmth and charm to every game. Designed to make each hand feel as special as the last.</p>"
TMH-MAT-DECO-CIRCLE-MAT,"<p>Bring twice the classic, roaring elegance to your game with our Deco Circle Double-Sided Mahjong Mat. Each side features a different color scheme of our deco circle pattern, echoing the delicate details of our Deco Collection tiles. This mat creates a stunning backdrop to our Mother of Pearl Deco Tiles and racks, adding a touch of polish to every roaring game.</p>"
TMH-MAT-DECO-DEEP-AND-GOLD-MAT,"<p>Bring twice the classic, minimal elegance to your game with our Deco Deep & Gold Double-Sided Mahjong Mat. One side features a subtle star border and the other a repeating pattern of our geometric deco peacock bird bam. This mat creates a stunning backdrop to our Mother of Pearl Deco Tiles and racks, adding a touch of polish to every roaring game.</p>"
TMH-MAT-DECO-OLIVE-AND-RED-MAT,"<p>Bring twice the classic, minimal elegance to your game with our Deco Olive & Red Double-Sided Mahjong Mat. One side features a subtle star border and the other a repeating pattern of our geometric deco peacock bird bam. This mat creates a stunning backdrop to our Mother of Pearl Deco Tiles and racks, adding a touch of polish to every roaring game.</p>"
TMH-MAT-ELEC-BLU-GARDEN,"<p>Bring twice the brightness to your game with our Electric Blue Garden Double-Sided Mahjong Mat. One side features a pattern of our signature colorful butterfly dragons and the other side a caning graphic created with our TMH initials. This mat creates a stunning backdrop, especially to our Brights! Electric Blue House Tiles, but is designed to mix-and-match with any tiles in the Brights House Collection, adding style and whimsy to every colorful game.</p>"
TMH-MAT-ELEC-BLU-TRELLIS,"<p>Bring twice the vibrance to your game with our Electric Blue Trellis Double-Sided Mahjong Mat. This fun, trellis-inspired design is an abstraction of the initials MH for Mahjong House. One side features a multi-colored pattern on a lilac backdrop and the other reflects the colors of the Electric Blue tile. This mat creates a stunning backdrop, especially to our Brights! Electric Blue House Tiles, but is designed to mix-and-match with any tiles in the Brights House Collection, adding an extra splash of color to every game.</p>"
TMH-MAT-EMERALD-GEM-MAT,"<p>Bring twice the brilliance to your game with our Emerald Gem Double-Sided Mahjong Mat. One side features one large faceted emerald and the other side a pattern of all of our Jewel Collection jewels. This mat creates a stunning backdrop, especially to our Jewels! Emerald House Tiles, but is designed to mix-and-match with any tiles in the Jewels House Collection, adding many interesting facets to every jewel of a game.</p>"
TMH-MAT-EMERALD-TABLE-MAT,"<p>Pull up a chair and bring twice the style to your game with our Emerald Table Double-Sided Mahjong Mat. This elegant, minimalist tone-on-tone design is inspired by the traditional table set up for a game of mahjong. One side features one large shape and the other side a pattern of four. This mat creates a stunning backdrop, especially to our Jewels! Emerald House Tiles, but is designed to mix-and-match with any tiles in the Jewels House Collection, adding lustre to every jewel of a game.</p>"
TMH-MAT-GRN-FLWR-BDR,"<p>Elevate your Mahjong experience with our stunning mat, adorned in lovely green hues and featuring an elegant floral border. This beautifully designed mat provides the perfect backdrop for your game, enhancing every tile with a touch of refined style.</p>"
TMH-MAT-HOT-PNK-ISLAND,"<p>Dive into the beauty of the tropics with our Island Collection Mahjong Mat. Featuring a vibrant palette of tropical colors and an elegant border adorned with seashells and ocean-inspired designs, this mat brings the serenity of the seaside to your game. Perfect for creating a relaxed, breezy vibe, it’s an ideal backdrop for any Mahjong gathering. Let the soothing coastal charm of this mat transport you to your favorite island getaway with every hand.</p>
<p>PLEASE NOTE: The Mahjong House’s Island, Texas, and Classic collection products do not have branded/descriptive packaging; the tile sets each ship in a MAHJONG HOUSE drawstring bag and their mats ship without wrapping or labels.</p>"
TMH-MAT-LILAC-GARDEN-MAT,"<p>Bring twice the brightness to your game with our Lilac Garden Double-Sided Mahjong Mat. One side features a pattern of our signature colorful butterfly dragons and the other side a caning graphic created with our TMH initials. This mat creates a stunning backdrop, especially to our Brights! Lilac House Tiles, but is designed to mix-and-match with any tiles in the Brights House Collection, adding style and whimsy to every colorful game.</p>"
TMH-MAT-LILAC-TRELLIS-MAT,"<p>Bring twice the vibrance to your game with our Lilac Trellis Double-Sided Mahjong Mat. This fun, trellis-inspired design is an abstraction of the initials MH for Mahjong House. One side features a multi-colored pattern on a lilac backdrop and the other reflects the colors of the Lilac tile. This mat creates a stunning backdrop, especially to our Brights! Lilac House Tiles, but is designed to mix-and-match with any tiles in the Brights House Collection, adding an extra splash of color to every game.</p>"
TMH-MAT-MOD-BIRD-PLAID,"<p>Bring twice the fun to your mahjong table with our Mod Bird Bam & Plaid Double-Sided Mahjong Mat. One side features a minimalistic cool-toned geometric plaid border on a cream field and the other side a repeating pattern of our mod peacock bird bam. This mat creates a fun and colorful backdrop to our Tortoise & Cream Mod Tiles and racks, adding a splash of retro style to every groovy game.</p>"
TMH-MAT-MOD-JOKER-PLAID,"<p>Bring twice the fun to your mahjong table with our Mod Joker & Plaid Double-Sided Mahjong Mat. One side features a minimalistic warm-toned geometric plaid border on a cream field and the other side a funky collection of JOKER circles. This mat creates a fun and colorful backdrop to our Tortoise & Cream Mod Tiles and racks, adding a splash of retro style to every groovy game.</p>"
TMH-MAT-MOD-STRIPES-MAT,"<p>Bring twice the fun to your mahjong table with our Mod Stripes Double-Sided Mahjong Mat. One side features thin maroon stripes alternating with thick light blue stripes and the other side bubblegum pink and maroon stripes . Both sides sport fun little flower details in one corner for a little surprise whimsy. This mat creates a fun and colorful backdrop to our Tortoise & Cream Mod Tiles, adding a splash of retro style to every groovy game.</p>"
TMH-MAT-PINK-CORNER-STARS-MAT,"<p>Add understated elegance to your game with our Classic Mahjong Mat, featuring a subtle star design in its corners. Perfectly balanced with timeless colors, this mat brings a refined touch to your Mahjong table without overpowering the game. Ideal for those who appreciate classic style with a hint of charm, this mat creates the perfect backdrop for every hand, making it a must-have for Mahjong enthusiasts.</p>
<p>PLEASE NOTE: The Mahjong House’s Island, Texas, and Classic collection products do not have branded/descriptive packaging; the tile sets each ship in a MAHJONG HOUSE drawstring bag and their mats ship without wrapping or labels.</p>"
TMH-MAT-PINK-ISLAND-BORDER-MAT,"<p>Dive into the beauty of the tropics with our Island Collection Mahjong Mat. Featuring a vibrant palette of tropical colors and an elegant border adorned with seashells and ocean-inspired designs, this mat brings the serenity of the seaside to your game. Perfect for creating a relaxed, breezy vibe, it’s an ideal backdrop for any Mahjong gathering. Let the soothing coastal charm of this mat transport you to your favorite island getaway with every hand.</p>
<p>PLEASE NOTE: The Mahjong House’s Island, Texas, and Classic collection products do not have branded/descriptive packaging; the tile sets each ship in a branded MAHJONG HOUSE drawstring bag and their mats ship without wrapping or labels.</p>"
TMH-MAT-PINK-MAT,"<p>Bring double the elegance to your game with our brand new reversible mahjong mat. That's two beautiful mats in one! One side features a delicate peony design in corals and reds on a light pink field. The other side is our Mahjong House flower border in coral on a pink field. This mat creates a stunning backdrop, especially to any tiles in our House Collection, adding warmth and charm to every game. Mats at The Mahjong House are designed to make each hand feel as special as the last.</p>
<p>Materials: Spandex & Rubber; Machine Washable: Dimensions: 31.5"" x 31.5""</p>"
TMH-MAT-PLUM-GARDEN-MAT,"<p>Bring twice the brightness to your game with our Plum Garden Double-Sided Mahjong Mat. One side features a pattern of our signature colorful butterfly dragons and the other side a caning graphic created with our TMH initials. This mat creates a stunning backdrop, especially to our Brights! Plum House Tiles, but is designed to mix-and-match with any tiles in the Brights House Collection, adding style and whimsy to every colorful game.</p>"
TMH-MAT-PLUM-TRELLIS-MAT,"<p>Bring twice the vibrance to your game with our Plum Trellis Double-Sided Mahjong Mat. This fun, trellis-inspired design is an abstraction of the initials MH for Mahjong House. One side features a multi-colored pattern on a lilac backdrop and the other reflects the colors of the Plum tile. This mat creates a stunning backdrop, especially to our Brights! Plum House Tiles, but is designed to mix-and-match with any tiles in the Brights House Collection, adding an extra splash of color to every game.</p>"
TMH-MAT-PURP-RED-FLWR-BDR,"<p>Elevate your Mahjong experience with our stunning mat, adorned in lovely purple & red hues and featuring an elegant floral border. This beautifully designed mat provides the perfect backdrop for your game, enhancing every tile with a touch of refined style.</p>"
TMH-MAT-PURP-RED-GRN,"<p>Elevate your Mahjong experience with our stunning mat, adorned in lovely purple & red hues and featuring an elegant floral border. This beautifully designed mat provides the perfect backdrop for your game, enhancing every tile with a touch of refined style.</p>"
TMH-MAT-RUBY-GEM-MAT,"<p>Bring twice the brilliance to your game with our Ruby Gem Double-Sided Mahjong Mat. One side features one large faceted ruby and the other side a pattern of all of our Jewel Collection jewels. This mat creates a stunning backdrop, especially to our Jewels! Ruby House Tiles, but is designed to mix-and-match with any tiles in the Jewels House Collection, adding many interesting facets to every jewel of a game.</p>"
TMH-MAT-RUBY-TABLE-MAT,"<p>Pull up a chair and bring twice the style to your game with our Ruby Table Double-Sided Mahjong Mat. This elegant, minimalist tone-on-tone design is inspired by the traditional table set up for a game of mahjong. One side features one large shape and the other side a pattern of four. This mat creates a stunning backdrop, especially to our Jewels! Ruby House Tiles, but is designed to mix-and-match with any tiles in the Jewels House Collection, adding luster to every game.</p>"
TMH-MAT-SAPPHIRE-GEM-MAT,"<p>Bring twice the brilliance to your game with our Sapphire Gem Double-Sided Mahjong Mat. One side features one large faceted sapphire and the other side a pattern of all of our Jewel Collection jewels. This mat creates a stunning backdrop, especially to our Jewels! Sapphire House Tiles, but is designed to mix-and-match with any tiles in the Jewels House Collection, adding many interesting facets to every jewel of a game.</p>"
TMH-MAT-SAPPHIRE-TABLE-MAT,"<p>Pull up a chair and bring twice the style to your game with our Sapphire Table Double-Sided Mahjong Mat. This elegant, minimalist tone-on-tone design is inspired by the traditional table set up for a game of mahjong. One side features one large shape and the other side a pattern of four. This mat creates a stunning backdrop, especially to our Jewels! Sapphire House Tiles, but is designed to mix-and-match with any tiles in the Jewels House Collection, adding luster to every jewel of a game.</p>"
TMH-MAT-TEAL-GARDEN-MAT,"<p>Bring twice the brightness to your game with our Teal Garden Double-Sided Mahjong Mat. One side features a pattern of our signature colorful butterfly dragons and the other side a caning graphic created with our TMH initials. This mat creates a stunning backdrop, especially to our Brights! Teal House Tiles, but is designed to mix-and-match with any tiles in the Brights House Collection, adding style and whimsy to every colorful game.</p>"
TMH-MAT-TEAL-TRELLIS-MAT,"<p>Bring twice the vibrance to your game with our Teal Trellis Double-Sided Mahjong Mat. This fun, trellis-inspired design is an abstraction of the initials MH for Mahjong House. One side features a multi-colored pattern on a teal backdrop and the other reflects the colors of the Lilac tile. This mat creates a stunning backdrop, especially to our Brights! Teal House Tiles, but is designed to mix-and-match with any tiles in the Brights House Collection, adding an extra splash of color to every game.</p>"
TMH-MAT-TURQUOISE-FLOWER-MAT,"<p>Bring energy and style to your game with our Original Mahjong Mat Collection, featuring vibrant and playful designs that transform any table into a game-ready setting. These eye-catching mats add personality to your table, setting the perfect tone for an unforgettable Mahjong experience.</p>
<p>PLEASE NOTE: The Mahjong House’s Island, Texas, and Classic collection products do not have branded/descriptive packaging; the tile sets each ship in a MAHJONG HOUSE drawstring bag and their mats ship without wrapping or labels.</p>"
TMH-MAT-YELLOW-ISLAND,"<p>Dive into the beauty of the tropics with our Island Collection Mahjong Mat. Featuring a vibrant palette of tropical colors and an elegant border adorned with seashells and ocean-inspired designs, this mat brings the serenity of the seaside to your game. Perfect for creating a relaxed, breezy vibe, it’s an ideal backdrop for any Mahjong gathering. Let the soothing coastal charm of this mat transport you to your favorite island getaway with every hand.</p>
<p>PLEASE NOTE: The Mahjong House’s Island, Texas, and Classic collection products do not have branded/descriptive packaging; the tile sets each ship in a MAHJONG HOUSE drawstring bag and their mats ship without wrapping or labels.</p>"
TMH-RACK-BLK-MOP,"<p>Elevate your Mahjong game with our black mother of pearl acrylic magnetic Mahjong Racks—an elegant, modern twist on a must-have playing tool. Crafted from lightweight acrylic, these racks are durable, easy to handle, and fit walls of up to 20 tiles, making them perfect for any game. They blend seamlessly with any decor, adding a touch of sophistication to your game table. The magnetic pusher adds to the versatility too. These are a beautiful mother of pearl pattern designed to match The Deco Collection Tiles, but work beautifully with countless combinations of tiles or mats in our collection</p>"
TMH-RACK-CLEAR-RACKS,"<p>Elevate your Mahjong game with our clear acrylic magnetic Mahjong Racks—an elegant, modern twist on a must-have playing tool. Crafted from lightweight acrylic, these racks are durable, easy to handle, and fit walls of up to 20 tiles, making them perfect for any game. They blend seamlessly with any decor, adding a touch of sophistication to your game table. The magnetic pusher adds to the versatility too. These are clear, so they go with literally any tiles or mats, so let's play!</p>"
TMH-RACK-DUSTY-BLUE-RACKS,"<p>Elevate your Mahjong game with our dusty blue acrylic magnetic Mahjong Racks—an elegant, modern twist on a must-have playing tool. Crafted from lightweight acrylic, these racks are durable, easy to handle, and fit walls of up to 20 tiles, making them perfect for any game. They blend seamlessly with any decor, adding a touch of sophistication to your game table. The magnetic pusher adds to the versatility too. These are a beautiful blue designed to work beautifully with any tiles and mats in our original House Collection or The House Collection: Brights!</p>"
TMH-RACK-GREEN-RACKS,"<p>Elevate your Mahjong game with our green acrylic magnetic Mahjong Racks—an elegant, modern twist on a must-have playing tool. Crafted from lightweight acrylic, these racks are durable, easy to handle, and fit walls of up to 20 tiles, making them perfect for any game. They blend seamlessly with any decor, adding a touch of sophistication to your game table. The magnetic pusher adds to the versatility too. These are a rich, dark green designed to work beautifully with any tiles and mats in our House Collection. So let's play!</p>"
TMH-RACK-NAVY-RACKS,"<p>Elevate your Mahjong game with our navy acrylic magnetic Mahjong Racks—an elegant, modern twist on a must-have playing tool. Crafted from lightweight acrylic, these racks are durable, easy to handle, and fit walls of up to 20 tiles, making them perfect for any game. They blend seamlessly with any decor, adding a touch of sophistication to your game table. The magnetic pusher adds to the versatility too. These are navy (which we consider a neutral) so there’s no limit to the tiles and mats they’ll match beautifully with. Let's play!</p>"
TMH-RACK-TORTOISE-RACKS,"<p>Elevate your Mahjong game with our tortoise acrylic magnetic Mahjong Racks—an elegant, modern twist on a must-have playing tool. Crafted from lightweight acrylic, these racks are durable, easy to handle, and fit walls of up to 20 tiles, making them perfect for any game. They blend seamlessly with any decor, adding a touch of sophistication to your game table. The magnetic pusher adds to the versatility too. These are a beautiful tortoise pattern work beautifully with countless combinations of tiles and mats in our collection.</p>
<p><strong>Please note: While the tortoise and white mother of pearl racks go beautifully with the Mod and Deco tiles respectively, the racks and the tiles are not an exact match.</strong></p>"
TMH-RACK-WHT-MOP,"<p>Elevate your Mahjong game with our white mother of pearl acrylic magnetic Mahjong Racks—an elegant, modern twist on a must-have playing tool. Crafted from lightweight acrylic, these racks are durable, easy to handle, and fit walls of up to 20 tiles, making them perfect for any game. They blend seamlessly with any decor, adding a touch of sophistication to your game table. The magnetic pusher adds to the versatility too. These are a beautiful mother of pearl pattern designed to work beautifully with countless combinations of tiles and mats in our collection.</p>
<p><strong>Please note: While the tortoise and white mother of pearl racks go beautifully with the Mod and Deco tiles respectively, the racks and the tiles are not an exact match.</strong></p>"
TMH-TILE-BLU-WHT-HOUSE,"<p>Celebrate life’s most beautiful moments with the <strong>House </strong><b>Tile Set</b>, part of our signature <b>House Collection</b>. This one-of-a-kind set transforms your game night into a work of art, featuring intricately designed tiles adorned with majestic peacocks, vibrant butterflies, and delicate florals. Each tile is a testament to the joy and beauty that inspired our founder, Stacey, and her lifelong passion for play.</p>
<p>Rooted in cherished memories of summers at Agate Lake, family trips to Watercolor on 30A, and laughter-filled nights in Michigan, Minnesota, and beyond, this collection brings Stacey’s favorite things to your table. It’s more than a mahjong set—it’s a tribute to the timeless tradition of gathering with loved ones and creating lasting memories.</p>
<p>Crafted with exquisite detail, every tile and hue reflects the thoughtful design and celebration of life that defines the House Collection. Pretty enough to display and meaningful enough to treasure, this set turns any game into an occasion worth remembering.</p>
<p>Material: Acrylic</p>
<p>Dimensions: Each tile is 1"" x 1 & 7/16"" x 7/16""</p>
<p>Weight: Approx. 5 lbs total</p>
<p>INCLUDED: 1 set of 160 mahjong tiles (36 dots, 36 bams, 36 craks, 8 flowers, 16 winds, 4 white dragons/soaps, 4 green dragons, 4 red dragons, 10 jokers, 6 blanks) 1 tile guide 1 player’s guide to mahjong</p>"
TMH-TILE-BLUE-ISLAND-TILES,"<p>Aruba, Jamaica, oooh I wanna to take you... wherever your little heart desires. Our Island Tile Set, with its 160 exquisitely crafted tiles in stunning ocean hues, will transport you straight to your favorite beach paradise. Perfect for those who long for the sea breeze and sandy shores, this set is a must-have for any beach lover seeking a touch of paradise with every game.</p>
<p>PLEASE NOTE: The Mahjong House’s Island, Texas, and Classic collection products do not have branded/descriptive packaging; the tile sets each ship in a MAHJONG HOUSE drawstring bag and their mats ship without wrapping or labels.</p>"
TMH-TILE-BRIGHTS-ELEC-BLU,"<p>Our electric blue tiles enliven this eclectic, colorful reimagining of The Mahjong House’s traditional House Collection—a celebration of life’s most beautiful moments, now in vivid technicolor. Adorned with our signature enchanting peacocks, vibrant butterflies, and colorful florals in fun, dazzling colors, The House Collection: Brights transports your game to a joyful garden of candy-colored delights. Pair your Electric Blue House Tiles with any of our Brights Collection mats, designed to mix-and-match brilliantly with all tiles in the collection.</p>
<p>Material: Acrylic</p>
<p>Dimensions: Each tile is 1"" x 1 & 7/16"" x 7/16""</p>
<p>Weight: Approx. 5 lbs total</p>
<p>INCLUDED: 1 set of 160 mahjong tiles (36 dots, 36 bams, 36 craks, 8 flowers, 16 winds, 4 white dragons/soaps, 4 green dragons, 4 red dragons, 10 jokers, 6 blanks) 1 tile guide 1 player’s guide to mahjong</p>"
TMH-TILE-BRIGHTS-LILAC,"<p>Our lilac tiles bring a touch of pastel to an otherwise eclectic, electric reimagining of The Mahjong House’s traditional House Collection—a celebration of life’s most beautiful moments, now in vivid technicolor. Adorned with our signature enchanting peacocks, vibrant butterflies, and colorful florals in fun, dazzling colors, The House Collection: Brights transports your game to a joyful garden of candy-colored delights. Pair your Lilac House Tiles with any of our Brights Collection mats, designed to mix-and-match brilliantly with all tiles in the collection.</p>
<p>Material: Acrylic</p>
<p>Dimensions: Each tile is 1"" x 1 & 7/16"" x 7/16""</p>
<p>Weight: Approx. 5 lbs total</p>
<p>INCLUDED: 1 set of 160 mahjong tiles (36 dots, 36 bams, 36 craks, 8 flowers, 16 winds, 4 white dragons/soaps, 4 green dragons, 4 red dragons, 10 jokers, 6 blanks) 1 tile guide 1 player’s guide to mahjong</p>"
TMH-TILE-BRIGHTS-PLUM,"<p>Our plum tiles bring a depth and elegance to this eclectic, electric reimagining of The Mahjong House’s traditional House Collection—a celebration of life’s most beautiful moments, now in vivid technicolor. Adorned with our signature enchanting peacocks, vibrant butterflies, and colorful florals in fun, dazzling colors, The House Collection: Brights transports your game to a joyful garden of candy-colored delights. Pair your Plum House Tiles with any of our Brights Collection mats, designed to mix-and-match brilliantly with all tiles in the collection.</p>
<p>Material: Acrylic</p>
<p>Dimensions: Each tile is 1"" x 1 & 7/16"" x 7/16""</p>
<p>Weight: Approx. 5 lbs total</p>
<p>INCLUDED: 1 set of 160 mahjong tiles (36 dots, 36 bams, 36 craks, 8 flowers, 16 winds, 4 white dragons/soaps, 4 green dragons, 4 red dragons, 10 jokers, 6 blanks) 1 tile guide 1 player’s guide to mahjong</p>"
TMH-TILE-CLASSIC-TILES,"<p>Like a crisp martini or a classic pair of diamond studs, our Classic Mahjong Tile Set brings a touch of timeless elegance to your game. Each tile is thoughtfully designed in vibrant shades of blue, green, red, and peach, honoring the rich tradition of Mahjong with a fresh, modern twist. This set celebrates the beauty of the game itself, offering a sophisticated, elevated style that feels right at home on any table. Perfect for those who appreciate classic style with a contemporary flair.</p>
<p>PLEASE NOTE: The Mahjong House’s Island, Texas, and Classic collection products do not have branded/descriptive packaging; the tile sets each ship in a MAHJONG HOUSE drawstring bag and their mats ship without wrapping or labels.</p>"
TMH-TILE-GREEN-ISLAND-TILES,"<p>Aruba, Jamaica, oooh I wanna to take you... wherever your little heart desires. Our Island Tile Set, with its 160 exquisitely crafted tiles in stunning ocean hues, will transport you straight to your favorite beach paradise. Perfect for those who long for the sea breeze and sandy shores, this set is a must-have for any beach lover seeking a touch of paradise with every game.</p>
<p>PLEASE NOTE: The Mahjong House’s Island, Texas, and Classic collection products do not have branded/descriptive packaging; the tile sets each ship in a MAHJONG HOUSE drawstring bag and their mats ship without wrapping or labels.</p>"
TMH-TILE-GRN-WHT-HOUSE,"<p>Celebrate life’s most beautiful moments with the <strong>House </strong><b>Tile Set</b>, part of our signature <b>House Collection</b>. This one-of-a-kind set transforms your game night into a work of art, featuring intricately designed tiles adorned with majestic peacocks, vibrant butterflies, and delicate florals. Each tile is a testament to the joy and beauty that inspired our founder, Stacey, and her lifelong passion for play.</p>
<p>Rooted in cherished memories of summers at Agate Lake, family trips to Watercolor on 30A, and laughter-filled nights in Michigan, Minnesota, and beyond, this collection brings Stacey’s favorite things to your table. It’s more than a mahjong set—it’s a tribute to the timeless tradition of gathering with loved ones and creating lasting memories.</p>
<p>Crafted with exquisite detail, every tile and hue reflects the thoughtful design and celebration of life that defines the House Collection. Pretty enough to display and meaningful enough to treasure, this set turns any game into an occasion worth remembering.</p>
<p>Material: Acrylic</p>
<p>Dimensions: Each tile is 1"" x 1 & 7/16"" x 7/16""</p>
<p>Weight: Approx. 5 lbs total</p>
<p>INCLUDED: 1 set of 160 mahjong tiles (36 dots, 36 bams, 36 craks, 8 flowers, 16 winds, 4 white dragons/soaps, 4 green dragons, 4 red dragons, 10 jokers, 6 blanks) 1 tile guide 1 player’s guide to mahjong</p>"
TMH-TILE-HOT-PINK-TEXAS-TILES,"<p>Giddy up, baby! Whether you were born and raised in the Lone Star State or just dream of finding yourself a cowboy (Yellowstone fans, we see you!), our Texas Tile Set lets you unleash your inner Western spirit. This tribute to our home state celebrates its beautiful wildflowers, that favorite pair of cowboy boots, finger-licking bbq and all the charm of Texas. Inspired by wide-open skies and the spirit of this great state, each tile celebrates the uniqueness of Texas.</p>
<p>PLEASE NOTE: The Mahjong House’s Island, Texas, and Classic collection products do not have branded/descriptive packaging; the tile sets each ship in a MAHJONG HOUSE drawstring bag and their mats ship without wrapping or labels.</p>"
TMH-TILE-OLIVE-TEXAS-TILES,"<p>Giddy up, baby! Whether you were born and raised in the Lone Star State or just dream of finding yourself a cowboy (Yellowstone fans, we see you!), our Texas Tile Set lets you unleash your inner Western spirit. This tribute to our home state celebrates its beautiful wildflowers, that favorite pair of cowboy boots, finger-licking bbq and all the charm of Texas. Inspired by wide-open skies and the spirit of this great state, each tile celebrates the uniqueness of Texas.</p>
<p>PLEASE NOTE: The Mahjong House’s Island, Texas, and Classic collection products do not have branded/descriptive packaging; the tile sets each ship in a MAHJONG HOUSE drawstring bag and their mats ship without wrapping or labels.</p>"
TMH-TILE-PINK-ISLAND-TILES,"<p>Aruba, Jamaica, oooh I wanna to take you... wherever your little heart desires. Our Island Tile Set, with its 160 exquisitely crafted tiles in stunning ocean hues, will transport you straight to your favorite beach paradise. Perfect for those who long for the sea breeze and sandy shores, this set is a must-have for any beach lover seeking a touch of paradise with every game.</p>
<p>PLEASE NOTE: The Mahjong House’s Island, Texas, and Classic collection products do not have branded/descriptive packaging; the tile sets each ship in a MAHJONG HOUSE drawstring bag and their mats ship without wrapping or labels.</p>"
TMH-TILE-PINK-TEXAS-TILES,"<p>Giddy up, baby! Whether you were born and raised in the Lone Star State or just dream of finding yourself a cowboy (Yellowstone fans, we see you!), our Texas Tile Set lets you unleash your inner Western spirit. This tribute to our home state celebrates its beautiful wildflowers, that favorite pair of cowboy boots, finger-licking bbq and all the charm of Texas. Inspired by wide-open skies and the spirit of this great state, each tile celebrates the uniqueness of Texas.</p>
<p>PLEASE NOTE: The Mahjong House’s Island, Texas, and Classic collection products do not have branded/descriptive packaging; the tile sets each ship in a MAHJONG HOUSE drawstring bag and their mats ship without wrapping or labels.</p>"
TMH-TILE-ROYAL-BLU-ISLAND,"<p>Aruba, Jamaica, oooh I wanna to take you... wherever your little heart desires. Our Island Tile Set, with its 160 exquisitely crafted tiles in stunning ocean hues, will transport you straight to your favorite beach paradise. Perfect for those who long for the sea breeze and sandy shores, this set is a must-have for any beach lover seeking a touch of paradise with every game.</p>
<p>PLEASE NOTE: The Mahjong House’s Island, Texas, and Classic collection products do not have branded/descriptive packaging; the tile sets each ship in a MAHJONG HOUSE drawstring bag and their mats ship without wrapping or labels.</p>"
TMH-TILE-ROYAL-BLU-TEXAS,"<p>Giddy up, baby! Whether you were born and raised in the Lone Star State or just dream of finding yourself a cowboy (Yellowstone fans, we see you!), our Texas Tile Set lets you unleash your inner Western spirit. This tribute to our home state celebrates its beautiful wildflowers, that favorite pair of cowboy boots, finger-licking bbq and all the charm of Texas. Inspired by wide-open skies and the spirit of this great state, each tile celebrates the uniqueness of Texas.</p>
<p>PLEASE NOTE: The Mahjong House’s Island, Texas, and Classic collection products do not have branded/descriptive packaging; the tile sets each ship in a MAHJONG HOUSE drawstring bag and their mats ship without wrapping or labels.</p>"
TMH-TILE-SALMON-ISLAND-TILES,"<p>Aruba, Jamaica, oooh I wanna to take you... wherever your little heart desires. Our Island Tile Set, with its 160 exquisitely crafted tiles in stunning ocean hues, will transport you straight to your favorite beach paradise. Perfect for those who long for the sea breeze and sandy shores, this set is a must-have for any beach lover seeking a touch of paradise with every game.</p>
<p>PLEASE NOTE: The Mahjong House’s Island, Texas, and Classic collection products do not have branded/descriptive packaging; the tile sets each ship in a MAHJONG HOUSE drawstring bag and their mats ship without wrapping or labels.</p>"
TMH-TILE-TORTOISE-CREAM,"<p>Our Mod Tiles feature tortoise backs and a cream face inspired by our love of mid-century design’s fascination with the organic, juxtaposed with geometric shapes and bold colors in a fun and minimal design that is simplified, but anything but boring. The Mod Collection is groovy—refined and redefined for the 21st century. Our Mod Collection features mats in plaids, stripes, dots, and enchanting peacock patterns to make your mahjong game feel slightly nostalgic, but mostly fun.</p>
<p>Material: Acrylic</p>
<p>Dimensions: Each tile is 1"" x 1 & 7/16"" x 7/16""</p>
<p>Weight: Approx. 5 lbs total</p>
<p>INCLUDED: 1 set of 160 mahjong tiles (36 dots, 36 bams, 36 craks, 8 flowers, 16 winds, 4 white dragons/soaps, 4 green dragons, 4 red dragons, 10 jokers, 6 blanks) 1 tile guide 1 player’s guide to mahjong</p>"
TMH-TILE-TURQUOISE-TEXAS-TILES,"<p>Giddy up, baby! Whether you were born and raised in the Lone Star State or just dream of finding yourself a cowboy (Yellowstone fans, we see you!), our Texas Tile Set lets you unleash your inner Western spirit. This tribute to our home state celebrates its beautiful wildflowers, that favorite pair of cowboy boots, finger-licking bbq and all the charm of Texas. Inspired by wide-open skies and the spirit of this great state, each tile celebrates the uniqueness of Texas.</p>
<p>PLEASE NOTE: The Mahjong House’s Island, Texas, and Classic collection products do not have branded/descriptive packaging; the tile sets each ship in a MAHJONG HOUSE drawstring bag and their mats ship without wrapping or labels.</p>"
TMH-TILE-WHITE-ISLAND-TILES,"<p>Aruba, Jamaica, oooh I wanna to take you... wherever your little heart desires. Our Island Tile Set, with its 160 exquisitely crafted tiles in stunning ocean hues, will transport you straight to your favorite beach paradise. Perfect for those who long for the sea breeze and sandy shores, this set is a must-have for any beach lover seeking a touch of paradise with every game.</p>
<p>PLEASE NOTE: The Mahjong House’s Island, Texas, and Classic collection products do not have branded/descriptive packaging; the tile sets each ship in a MAHJONG HOUSE drawstring bag and their mats ship without wrapping or labels.</p>"
TMH-TRV-AMETHYST-GEM-MAT,"<p>A travel-sized mahjong mat for use with our travel sets. Bring twice the brilliance to your game-on-the-go with our Amethyst Gem Double-Sided Mahjong Mat. One side features one large faceted sapphire and the other side a pattern of all of our Jewel Collection jewels. This mat creates a stunning backdrop, especially to our White with Jewel-Tones Travel Mahjong Set, adding luster to every jewel of a game.</p>"
TMH-TRV-AMETHYST-TABLE-MAT,"<p>A travel-sized mahjong mat for use with our travel sets. Pull up a deck chair and bring twice the style to your game-on-the-go with our Amethyst Table Double-Sided Travel Mahjong Mat. This elegant, minimalist tone-on-tone design is inspired by the traditional table set up for a game of mahjong. One side features one large shape and the other side a pattern of four. This mat creates a stunning backdrop, especially to our White with Jewel-Tones Travel Mahjong Set, adding luster to every jewel of a game.</p>"
TMH-TRV-BLUE-MAT,"<p>A travel-sized mahjong mat for use with our travel sets. Bring twice the elegance to your game-on-the-go with our Blue Double-Sided Travel Mahjong Mat. One side features a delicate peony design in blues on a light purple field. The other side is our Mahjong House flower border in navy on a light blue field. This mat creates a stunning backdrop to our Pale Violet and Butter Yellow Travel Mahjong Sets, adding warmth and charm to every game.</p>"
TMH-TRV-BUTTER-YELLOW-SET,"<p>The Mahjong House’s Travel Sets are designed to bring the joy of community, play, and high-quality craftsmanship to your Mahjong House away from home, wherever that may be. Our sets include everything you need to play, anywhere you are, including tiles, racks, a storage bag, and more. The tiles are thin and lightweight, but maintain the surface area and designs of the House Collection tiles you know and love so no game is compromised, even on the go. Plus, never worry about forgetting your NMJL card—we’ve included The House Card x 4, so the game can go on without a hitch. Whether you’re lounging poolside or gathered around a cozy table, the Butter Yellow Travel Mahjong Set delivers classic, luxurious play and a sense of escape, wherever life takes you.</p>"
TMH-TRV-ELEC-BLU-GARDEN,"<p>A travel-sized mahjong mat for use with our travel sets. Bring twice the brightness to your game-on-the-go with our Electric Blue Garden Double-Sided Travel Mahjong Mat. One side features a pattern of our signature colorful butterfly dragons and the other side a caning graphic created with our TMH initials. This mat creates a stunning backdrop, especially to our Ice Blue & Brights Travel Mahjong Set, adding style and whimsy to every colorful game.</p>"
TMH-TRV-ELEC-BLU-TRELLIS,"<p>A travel-sized mahjong mat for use with our travel sets. Bring twice the vibrance to your game-on-the-go with our Electric Blue Trellis Double-Sided Travel Mahjong Mat. This fun, trellis-inspired design is an abstraction of the initials MH for Mahjong House. One side features a multi-colored pattern on a lilac backdrop and the other a two-toned electric blue-lead pattern. This mat creates a stunning backdrop, especially to our Ice Blue & Brights Travel Mahjong Set, adding an extra splash of color to every game.</p>"
TMH-TRV-EMERALD-GEM-MAT,"<p>A travel-sized mahjong mat for use with our travel sets. Bring twice the brilliance to your game-on-the-go with our Emerald Gem Double-Sided Mahjong Mat. One side features one large faceted sapphire and the other side a pattern of all of our Jewel Collection jewels. This mat creates a stunning backdrop, especially to our White with Jewel-Tones Travel Mahjong Set, adding luster to every jewel of a game.</p>"
TMH-TRV-EMERALD-TABLE-MAT,"<p>A travel-sized mahjong mat for use with our travel sets. Pull up a deck chair and bring twice the style to your game-on-the-go with our Emerald Table Double-Sided Travel Mahjong Mat. This elegant, minimalist tone-on-tone design is inspired by the traditional table set up for a game of mahjong. One side features one large shape and the other side a pattern of four. This mat creates a stunning backdrop, especially to our White with Jewel-Tones Travel Mahjong Set, adding luster to every jewel of a game.</p>"
TMH-TRV-ICE-BLU-BRIGHTS,"<p>The Mahjong House’s Travel Sets are designed to bring the joy of community, play, and high-quality craftsmanship to your Mahjong House away from home, wherever that may be. Our sets include everything you need to play, anywhere you are, including tiles, racks, a storage bag, and more. The tiles are thin and lightweight, but maintain the surface area and designs of the House Collection tiles you know and love so no game is compromised, even on the go. Plus, never worry about forgetting your NMJL card—we’ve included The House Card x 4, so the game can go on without a hitch. Whether you’re lounging poolside or gathered around a cozy table, the Ice Blue & Brights Travel Mahjong Set delivers vibrant, luxurious play and a sense of escape, wherever life takes you.</p>"
TMH-TRV-ISLAND-BRIGHT-BLU,"<p>Bring the warmth and joy of island life wherever you go with our <b>Island Travel Mahjong Tiles</b>. Inspired by the tranquil beauty of Lyford Cay and the vivid hues of the tropics, this set captures the breezy elegance of a sun-drenched escape. Soft blues, sandy neutrals, and lush palm greens evoke the carefree charm of tropical paradise, making every game feel like a celebration.</p>
<p>Perfectly sized for on-the-go play, this travel-friendly set includes everything you need to turn any space into your personal island sanctuary: a <strong>full </strong><b>set of travel-sized Mahjong tiles</b>, <b>drawstring travel bag</b>, <strong>tile guide</strong>, and <b>The Mahjong House Players Guide to Mahjong</b> for quick tips. Whether you’re lounging poolside or gathered around a cozy table, the <b>Island Travel Mahjong Tiles</b> deliver luxurious play and a sense of escape, wherever life takes you.</p>
<p><strong>NOTE: Racks are not included with our Island Travel Mahjong Tiles</strong>, but they are designed to work with most standard mahjong racks.</p>
<p>The Mahjong House’s Island, Texas, and Classic collection products do not have branded/descriptive packaging; the tile sets each ship in a MAHJONG HOUSE drawstring bag and their mats ship without wrapping or labels.</p>"
TMH-TRV-ISLAND-ROYAL-BLU,"<p>Bring the warmth and joy of island life wherever you go with our <b>Island Travel Mahjong Tiles</b>. Inspired by the tranquil beauty of Lyford Cay and the vivid hues of the tropics, this set captures the breezy elegance of a sun-drenched escape. Soft blues, sandy neutrals, and lush palm greens evoke the carefree charm of tropical paradise, making every game feel like a celebration.</p>
<p>Perfectly sized for on-the-go play, this travel-friendly set includes everything you need to turn any space into your personal island sanctuary: a <strong>full </strong><b>set of travel-sized Mahjong tiles</b>, <b>drawstring travel bag</b>, <strong>tile guide</strong>, and <b>The Mahjong House Players Guide to Mahjong</b> for quick tips. Whether you’re lounging poolside or gathered around a cozy table, the <b>Island Travel Mahjong Tiles</b> deliver luxurious play and a sense of escape, wherever life takes you.</p>
<p><strong>NOTE: Racks are not included with our Island Travel Mahjong Tiles</strong>, but they are designed to work with most standard mahjong racks.</p>
<p>The Mahjong House’s Island, Texas, and Classic collection products do not have branded/descriptive packaging; the tile sets each ship in a MAHJONG HOUSE drawstring bag and their mats ship without wrapping or labels.</p>"
TMH-TRV-ISLAND-TILES-GREEN,"<p>Bring the warmth and joy of island life wherever you go with our <b>Island Travel Mahjong Tiles</b>. Inspired by the tranquil beauty of Lyford Cay and the vivid hues of the tropics, this set captures the breezy elegance of a sun-drenched escape. Soft blues, sandy neutrals, and lush palm greens evoke the carefree charm of tropical paradise, making every game feel like a celebration.</p>
<p>Perfectly sized for on-the-go play, this travel-friendly set includes everything you need to turn any space into your personal island sanctuary: a <strong>full </strong><b>set of travel-sized Mahjong tiles</b>, <b>drawstring travel bag</b>, <strong>tile guide</strong>, and <b>The Mahjong House Players Guide to Mahjong</b> for quick tips. Whether you’re lounging poolside or gathered around a cozy table, the <b>Island Travel Mahjong Tiles</b> deliver luxurious play and a sense of escape, wherever life takes you.</p>
<p><strong>NOTE: Racks are not included with our Island Travel Mahjong Tiles</strong>, but they are designed to work with most standard mahjong racks.</p>
<p>The Mahjong House’s Island, Texas, and Classic collection products do not have branded/descriptive packaging; the tile sets each ship in a MAHJONG HOUSE drawstring bag and their mats ship without wrapping or labels.</p>"
TMH-TRV-ISLAND-TILES-PINK,"<p>Bring the warmth and joy of island life wherever you go with our <b>Island Travel Mahjong Tiles</b>. Inspired by the tranquil beauty of Lyford Cay and the vivid hues of the tropics, this set captures the breezy elegance of a sun-drenched escape. Soft blues, sandy neutrals, and lush palm greens evoke the carefree charm of tropical paradise, making every game feel like a celebration.</p>
<p>Perfectly sized for on-the-go play, this travel-friendly set includes everything you need to turn any space into your personal island sanctuary: a <strong>full </strong><b>set of travel-sized Mahjong tiles</b>, <b>drawstring travel bag</b>, <strong>tile guide</strong>, and <b>The Mahjong House Players Guide to Mahjong</b> for quick tips. Whether you’re lounging poolside or gathered around a cozy table, the <b>Island Travel Mahjong Tiles</b> deliver luxurious play and a sense of escape, wherever life takes you.</p>
<p><strong>NOTE: Racks are not included with our Island Travel Mahjong Tiles</strong>, but they are designed to work with most standard mahjong racks.</p>
<p>The Mahjong House’s Island, Texas, and Classic collection products do not have branded/descriptive packaging; the tile sets each ship in a MAHJONG HOUSE drawstring bag and their mats ship without wrapping or labels.</p>"
TMH-TRV-ISLAND-TILES-SALMON,"<p>Bring the warmth and joy of island life wherever you go with our <b>Island Travel Mahjong Tiles</b>. Inspired by the tranquil beauty of Lyford Cay and the vivid hues of the tropics, this set captures the breezy elegance of a sun-drenched escape. Soft blues, sandy neutrals, and lush palm greens evoke the carefree charm of tropical paradise, making every game feel like a celebration.</p>
<p>Perfectly sized for on-the-go play, this travel-friendly set includes everything you need to turn any space into your personal island sanctuary: a <strong>full </strong><b>set of travel-sized Mahjong tiles</b>, <b>drawstring travel bag</b>, <strong>tile guide</strong>, and <b>The Mahjong House Players Guide to Mahjong</b> for quick tips. Whether you’re lounging poolside or gathered around a cozy table, the <b>Island Travel Mahjong Tiles</b> deliver luxurious play and a sense of escape, wherever life takes you.</p>
<p><strong>NOTE: Racks are not included with our Island Travel Mahjong Tiles</strong>, but they are designed to work with most standard mahjong racks.</p>
<p>The Mahjong House’s Island, Texas, and Classic collection products do not have branded/descriptive packaging; the tile sets each ship in a MAHJONG HOUSE drawstring bag and their mats ship without wrapping or labels.</p>"
TMH-TRV-LILAC-GARDEN-MAT,"<p>A travel-sized mahjong mat for use with our travel sets. Bring twice the brightness to your game-on-the-go with our Lilac Garden Double-Sided Travel Mahjong Mat. One side features a pattern of our signature colorful butterfly dragons and the other side a caning graphic created with our TMH initials. This mat creates a stunning backdrop, especially to our Ice Blue & Brights Travel Mahjong Set, adding style and whimsy to every colorful game.</p>"
TMH-TRV-LILAC-TRELLIS-MAT,"<p>A travel-sized mahjong mat for use with our travel sets. Bring twice the vibrance to your game-on-the-go with our Lilac Trellis Double-Sided Travel Mahjong Mat. This fun, trellis-inspired design is an abstraction of the initials MH for Mahjong House. One side features a multi-colored pattern on a lilac backdrop and the other a two-toned lilac-lead pattern. This mat creates a stunning backdrop, especially to our Ice Blue & Brights Travel Mahjong Set, adding an extra splash of color to every game.</p>"
TMH-TRV-PALE-VIOLET-OPRAH,"<p>The Mahjong House’s Travel Sets are designed to bring the joy of community, play, and high-quality craftsmanship to your Mahjong House away from home, wherever that may be. Our sets include everything you need to play, anywhere you are, including tiles, racks, a storage bag, and more. The tiles are thin and lightweight, but maintain the surface area and designs of the House Collection tiles you know and love so no game is compromised, even on the go. Plus, never worry about forgetting your NMJL card—we’ve included The House Card x 4, so the game can go on without a hitch. Whether you’re lounging poolside or gathered around a cozy table, the Pale Violet Travel Mahjong Set delivers classic, luxurious play and a sense of escape, wherever life takes you.</p>"
TMH-TRV-PLUM-GARDEN-MAT,"<p>A travel-sized mahjong mat for use with our travel sets. Bring twice the brightness to your game-on-the-go with our Plum Garden Double-Sided Travel Mahjong Mat. One side features a pattern of our signature colorful butterfly dragons and the other side a caning graphic created with our TMH initials. This mat creates a stunning backdrop, especially to our Ice Blue & Brights Travel Mahjong Set, adding style and whimsy to every colorful game.</p>"
TMH-TRV-PLUM-TRELLIS-MAT,"<p>A travel-sized mahjong mat for use with our travel sets. Bring twice the vibrance to your game-on-the-go with our Plum Trellis Double-Sided Travel Mahjong Mat. This fun, trellis-inspired design is an abstraction of the initials MH for Mahjong House. One side features a multi-colored pattern on a lilac backdrop and the other a two-toned plum-lead pattern. This mat creates a stunning backdrop, especially to our Ice Blue & Brights Travel Mahjong Set, adding an extra splash of color to every game.</p>"
TMH-TRV-PURP-RED-GRN,"<p>Elevate your Mahjong experience with our stunning mat, adorned in lovely purple & red hues and featuring an elegant floral border. This beautifully designed mat provides the perfect backdrop for your game, enhancing every tile with a touch of refined style.</p>"
TMH-TRV-RUBY-GEM-MAT,"<p>A travel-sized mahjong mat for use with our travel sets. Bring twice the brilliance to your game-on-thåçe-go with our Ruby Gem Double-Sided Mahjong Mat. One side features one large faceted sapphire and the other side a pattern of all of our Jewel Collection jewels. This mat creates a stunning backdrop, especially to our White with Jewel-Tones Travel Mahjong Set, adding luster to every jewel of a game.</p>"
TMH-TRV-RUBY-TABLE-MAT,"<p>A travel-sized mahjong mat for use with our travel sets. Pull up a deck chair and bring twice the style to your game-on-the-go with our Ruby Table Double-Sided Travel Mahjong Mat. This elegant, minimalist tone-on-tone design is inspired by the traditional table set up for a game of mahjong. One side features one large shape and the other side a pattern of four. This mat creates a stunning backdrop, especially to our White with Jewel-Tones Travel Mahjong Set, adding luster to every jewel of a game.</p>"
TMH-TRV-SAPPHIRE-GEM-MAT,"<p>A travel-sized mahjong mat for use with our travel sets. Bring twice the brilliance to your game-on-the-go with our Sapphire Gem Double-Sided Mahjong Mat. One side features one large faceted sapphire and the other side a pattern of all of our Jewel Collection jewels. This mat creates a stunning backdrop, especially to our White with Jewel-Tones Travel Mahjong Set, adding luster to every jewel of a game.</p>"
TMH-TRV-SAPPHIRE-TABLE-MAT,"<p>A travel-sized mahjong mat for use with our travel sets. Pull up a deck chair and bring twice the style to your game-on-the-go with our Sapphire Table Double-Sided Travel Mahjong Mat. This elegant, minimalist tone-on-tone design is inspired by the traditional table set up for a game of mahjong. One side features one large shape and the other side a pattern of four. This mat creates a stunning backdrop, especially to our White with Jewel-Tones Travel Mahjong Set, adding luster to every jewel of a game.</p>"
TMH-TRV-TEAL-GARDEN-MAT,"<p>A travel-sized mahjong mat for use with our travel sets. Bring twice the brightness to your game-on-the-go with our Teal Garden Double-Sided Travel Mahjong Mat. One side features a pattern of our signature colorful butterfly dragons and the other side a caning graphic created with our TMH initials. This mat creates a stunning backdrop, especially to our Ice Blue & Brights Travel Mahjong Set, adding style and whimsy to every colorful game.</p>"
TMH-TRV-TEAL-TRELLIS-MAT,"<p>A travel-sized mahjong mat for use with our travel sets. Bring twice the vibrance to your game-on-the-go with our Teal Trellis Double-Sided Travel Mahjong Mat. This fun, trellis-inspired design is an abstraction of the initials MH for Mahjong House. One side features a multi-colored pattern on a lilac backdrop and the other a two-toned teal-lead pattern. This mat creates a stunning backdrop, especially to our Ice Blue & Brights Travel Mahjong Set, adding an extra splash of color to every game.</p>"
TMH-TRV-TEXAS-TILES-HOT-PINK,"<p>Capture the heart of the Lone Star State wherever you roam with the <b>Texas Travel Mahjong Tiles</b>. This portable tribute to Texas charm celebrates everything we love about our home state: fields of bluebonnets, the perfect pair of cowboy boots, finger-licking BBQ, and the boundless spirit of Texas. Inspired by wide-open skies and the unmistakable pride of the Lone Star State, every detail of this set brings a touch of Texas to your game night.</p>
<p>Designed for adventure, this travel-friendly set includes a <strong>full </strong><b>set of travel-sized Mahjong tiles</b>, <b>drawstring travel bag</b>, t<strong>ile guide</strong>, and <b>The Mahjong House Players Guide to Mahjong</b> for quick tips. This travel tile set is perfect for playing Mahjong at a ranch in Dripping Springs, tailgating for college football, or kicking back at the Houston Rodeo. The <b>Texas Travel Mahjong Tiles</b> are more than just a game; they're a celebration of family, friends, and the moments that make Texas feel like home.</p>
<p><strong>NOTE: Racks are not included with our Texas Travel Mahjong Tiles</strong>, but they are designed to work with most standard mahjong racks.</p>
<p>The Mahjong House’s Island, Texas, and Classic collection products do not have branded/descriptive packaging; the tile sets each ship in a MAHJONG HOUSE drawstring bag and their mats ship without wrapping or labels.</p>"
TMH-TRV-TEXAS-TILES-OLIVE,"<p>Capture the heart of the Lone Star State wherever you roam with the <b>Texas Travel Mahjong Tiles</b>. This portable tribute to Texas charm celebrates everything we love about our home state: fields of bluebonnets, the perfect pair of cowboy boots, finger-licking BBQ, and the boundless spirit of Texas. Inspired by wide-open skies and the unmistakable pride of the Lone Star State, every detail of this set brings a touch of Texas to your game night.</p>
<p>Designed for adventure, this travel-friendly set includes a <strong>full </strong><b>set of travel-sized Mahjong tiles</b>, <b>drawstring travel bag</b>, t<strong>ile guide</strong>, and <b>The Mahjong House Players Guide to Mahjong</b> for quick tips. This travel tile set is perfect for playing Mahjong at a ranch in Dripping Springs, tailgating for college football, or kicking back at the Houston Rodeo. The <b>Texas Travel Mahjong Tiles</b> are more than just a game; they're a celebration of family, friends, and the moments that make Texas feel like home.</p>
<p><strong>NOTE: Racks are not included with our Texas Travel Mahjong Tiles</strong>, but they are designed to work with most standard mahjong racks.</p>
<p>The Mahjong House’s Island, Texas, and Classic collection products do not have branded/descriptive packaging; the tile sets each ship in a MAHJONG HOUSE drawstring bag and their mats ship without wrapping or labels.</p>"
TMH-TRV-TEXAS-TILES-PINK,"<p>Capture the heart of the Lone Star State wherever you roam with the <b>Texas Travel Mahjong Tiles</b>. This portable tribute to Texas charm celebrates everything we love about our home state: fields of bluebonnets, the perfect pair of cowboy boots, finger-licking BBQ, and the boundless spirit of Texas. Inspired by wide-open skies and the unmistakable pride of the Lone Star State, every detail of this set brings a touch of Texas to your game night.</p>
<p>Designed for adventure, this travel-friendly set includes a <strong>full </strong><b>set of travel-sized Mahjong tiles</b>, <b>drawstring travel bag</b>, t<strong>ile guide</strong>, and <b>The Mahjong House Players Guide to Mahjong</b> for quick tips. This travel tile set is perfect for playing Mahjong at a ranch in Dripping Springs, tailgating for college football, or kicking back at the Houston Rodeo. The <b>Texas Travel Mahjong Tiles</b> are more than just a game; they're a celebration of family, friends, and the moments that make Texas feel like home.</p>
<p><strong>NOTE: Racks are not included with our Texas Travel Mahjong Tiles</strong>, but they are designed to work with most standard mahjong racks.</p>
<p>The Mahjong House’s Island, Texas, and Classic collection products do not have branded/descriptive packaging; the tile sets each ship in a MAHJONG HOUSE drawstring bag and their mats ship without wrapping or labels.</p>"
TMH-TRV-TEXAS-TILES-TURQUOISE,"<p>Capture the heart of the Lone Star State wherever you roam with the <b>Texas Travel Mahjong Tiles</b>. This portable tribute to Texas charm celebrates everything we love about our home state: fields of bluebonnets, the perfect pair of cowboy boots, finger-licking BBQ, and the boundless spirit of Texas. Inspired by wide-open skies and the unmistakable pride of the Lone Star State, every detail of this set brings a touch of Texas to your game night.</p>
<p>Designed for adventure, this travel-friendly set includes a <strong>full </strong><b>set of travel-sized Mahjong tiles</b>, <b>drawstring travel bag</b>, t<strong>ile guide</strong>, and <b>The Mahjong House Players Guide to Mahjong</b> for quick tips. This travel tile set is perfect for playing Mahjong at a ranch in Dripping Springs, tailgating for college football, or kicking back at the Houston Rodeo. The <b>Texas Travel Mahjong Tiles</b> are more than just a game; they're a celebration of family, friends, and the moments that make Texas feel like home.</p>
<p><strong>NOTE: Racks are not included with our Texas Travel Mahjong Tiles</strong>, but they are designed to work with most standard mahjong racks.</p>
<p>The Mahjong House’s Island, Texas, and Classic collection products do not have branded/descriptive packaging; the tile sets each ship in a MAHJONG HOUSE drawstring bag and their mats ship without wrapping or labels.</p>"
TMH-TRV-WHT-JEWEL-TONES,"<p>The Mahjong House’s Travel Sets are designed to bring the joy of community, play, and high-quality craftsmanship to your Mahjong House away from home, wherever that may be. Our sets include everything you need to play, anywhere you are, including tiles, racks, a storage bag, and more. The tiles are thin and lightweight, but maintain the surface area and designs of the House Collection tiles you know and love so no game is compromised, even on the go. Plus, never worry about forgetting your NMJL card—we’ve included The House Card x 4, so the game can go on without a hitch. Whether you’re lounging poolside or gathered around a cozy table, the White with Jewel-Tones Travel Mahjong Set delivers bold, luxurious play and a sense of escape, wherever life takes you.</p>"
