productCode,issueType,file,optionId,label,kind,local,cdnStatus,note
SAR-BABY-BAMBONI-LITE-FOR-ABC,missing_local,SAR-BABY-BAMBONI-LITE-FOR-ABC-altview9.jpg,,,altview,,,
SAR-BABY-BAMBONI-LITE-FOR-ABC,missing_local,SAR-BABY-BAMBONI-LITE-FOR-ABC-altview10.jpg,,,altview,,,
SAR-BABY-BMB-LITE-SETS,missing_cdn,SAR-BABY-BMB-LITE-SETS-1479-T.jpg,1479,0-3 Months,size,False,404,
SAR-BABY-BMB-LITE-SETS,missing_local,SAR-BABY-BMB-LITE-SETS-1479-T.jpg,1479,0-3 Months,size,False,404,
SAR-BABY-BMB-LITE-SETS,missing_cdn,SAR-BABY-BMB-LITE-SETS-1479-S.jpg,1479,0-3 Months,size,False,404,
SAR-BABY-BMB-LITE-SETS,missing_local,SAR-BABY-BMB-LITE-SETS-1479-S.jpg,1479,0-3 Months,size,False,404,
SAR-BABY-BMB-LITE-SETS,missing_cdn,SAR-BABY-BMB-LITE-SETS-1483-T.jpg,1483,3-6 Months,size,False,404,
SAR-BABY-BMB-LITE-SETS,missing_local,SAR-BABY-BMB-LITE-SETS-1483-T.jpg,1483,3-6 Months,size,False,404,
SAR-BABY-BMB-LITE-SETS,missing_cdn,SAR-BABY-BMB-LITE-SETS-1483-S.jpg,1483,3-6 Months,size,False,404,
SAR-BABY-BMB-LITE-SETS,missing_local,SAR-BABY-BMB-LITE-SETS-1483-S.jpg,1483,3-6 Months,size,False,404,
SAR-BABY-BMB-LITE-SETS,missing_cdn,SAR-BABY-BMB-LITE-SETS-1484-T.jpg,1484,6-12 Months,size,False,404,
SAR-BABY-BMB-LITE-SETS,missing_local,SAR-BABY-BMB-LITE-SETS-1484-T.jpg,1484,6-12 Months,size,False,404,
SAR-BABY-BMB-LITE-SETS,missing_cdn,SAR-BABY-BMB-LITE-SETS-1484-S.jpg,1484,6-12 Months,size,False,404,
SAR-BABY-BMB-LITE-SETS,missing_local,SAR-BABY-BMB-LITE-SETS-1484-S.jpg,1484,6-12 Months,size,False,404,
SAR-BAMBONI-SETS,missing_cdn,SAR-BAMBONI-SETS-1446-T.jpg,1446,Large,size,False,404,
SAR-BAMBONI-SETS,missing_local,SAR-BAMBONI-SETS-1446-T.jpg,1446,Large,size,False,404,
SAR-BAMBONI-SETS,missing_cdn,SAR-BAMBONI-SETS-1446-S.jpg,1446,Large,size,False,404,
SAR-BAMBONI-SETS,missing_local,SAR-BAMBONI-SETS-1446-S.jpg,1446,Large,size,False,404,
SAR-BAMBONI-SETS,missing_cdn,SAR-BAMBONI-SETS-1445-T.jpg,1445,Medium,size,False,404,
SAR-BAMBONI-SETS,missing_local,SAR-BAMBONI-SETS-1445-T.jpg,1445,Medium,size,False,404,
SAR-BAMBONI-SETS,missing_cdn,SAR-BAMBONI-SETS-1445-S.jpg,1445,Medium,size,False,404,
SAR-BAMBONI-SETS,missing_local,SAR-BAMBONI-SETS-1445-S.jpg,1445,Medium,size,False,404,
SAR-BAMBONI-SETS,missing_cdn,SAR-BAMBONI-SETS-1443-T.jpg,1443,Small,size,False,404,
SAR-BAMBONI-SETS,missing_local,SAR-BAMBONI-SETS-1443-T.jpg,1443,Small,size,False,404,
SAR-BAMBONI-SETS,missing_cdn,SAR-BAMBONI-SETS-1443-S.jpg,1443,Small,size,False,404,
SAR-BAMBONI-SETS,missing_local,SAR-BAMBONI-SETS-1443-S.jpg,1443,Small,size,False,404,
SAR-BAMBONI-SETS,missing_local,SAR-BAMBONI-SETS-altview9.jpg,,,altview,,,
SAR-BAMBONI-SETS,missing_local,SAR-BAMBONI-SETS-altview10.jpg,,,altview,,,
SAR-BAMBONI-SETS,missing_local,SAR-BAMBONI-SETS-altview11.jpg,,,altview,,,
SAR-BAMBONI-SETS,missing_local,SAR-BAMBONI-SETS-altview12.jpg,,,altview,,,
SAR-BAMBONI-SNUGGLER,missing_local,SAR-BAMBONI-SNUGGLER-altview9.jpg,,,altview,,,
SAR-BAMBONI-TODDLER-BLANKET,missing_local,SAR-BAMBONI-TODDLER-BLANKET-altview9.jpg,,,altview,,,
SAR-BAMBONI-TODDLER-BLANKET,missing_local,SAR-BAMBONI-TODDLER-BLANKET-altview10.jpg,,,altview,,,
SAR-BAMBONI-TODDLER-BLANKET,missing_local,SAR-BAMBONI-TODDLER-BLANKET-altview11.jpg,,,altview,,,
SAR-BAMBONI-TODDLER-BLANKET,missing_local,SAR-BAMBONI-TODDLER-BLANKET-altview12.jpg,,,altview,,,
SAR-BATMAN-DBL-LAYER-BMB,duplicate_local,SAR-BATMAN-DBL-LAYER-BMB-1509-T.jpg,,,,,,"SAR-BATMAN-DBL-LAYER-BMB-1510-T.jpg,SAR-BATMAN-DBL-LAYER-BMB-1511-T.jpg,SAR-BATMAN-DBL-LAYER-BMB-1512-T.jpg"
SAR-BATMAN-DBL-LAYER-BMB,duplicate_local,SAR-BATMAN-DBL-LAYER-BMB-1510-T.jpg,,,,,,"SAR-BATMAN-DBL-LAYER-BMB-1509-T.jpg,SAR-BATMAN-DBL-LAYER-BMB-1511-T.jpg,SAR-BATMAN-DBL-LAYER-BMB-1512-T.jpg"
SAR-BATMAN-DBL-LAYER-BMB,duplicate_local,SAR-BATMAN-DBL-LAYER-BMB-1511-T.jpg,,,,,,"SAR-BATMAN-DBL-LAYER-BMB-1509-T.jpg,SAR-BATMAN-DBL-LAYER-BMB-1510-T.jpg,SAR-BATMAN-DBL-LAYER-BMB-1512-T.jpg"
SAR-BATMAN-DBL-LAYER-BMB,duplicate_local,SAR-BATMAN-DBL-LAYER-BMB-1512-T.jpg,,,,,,"SAR-BATMAN-DBL-LAYER-BMB-1509-T.jpg,SAR-BATMAN-DBL-LAYER-BMB-1510-T.jpg,SAR-BATMAN-DBL-LAYER-BMB-1511-T.jpg"
SAR-BATMAN-DBL-LAYER-BMB,duplicate_local,SAR-BATMAN-DBL-LAYER-BMB-1509-S.jpg,,,,,,"SAR-BATMAN-DBL-LAYER-BMB-1510-S.jpg,SAR-BATMAN-DBL-LAYER-BMB-1511-S.jpg,SAR-BATMAN-DBL-LAYER-BMB-1512-S.jpg"
SAR-BATMAN-DBL-LAYER-BMB,duplicate_local,SAR-BATMAN-DBL-LAYER-BMB-1510-S.jpg,,,,,,"SAR-BATMAN-DBL-LAYER-BMB-1509-S.jpg,SAR-BATMAN-DBL-LAYER-BMB-1511-S.jpg,SAR-BATMAN-DBL-LAYER-BMB-1512-S.jpg"
SAR-BATMAN-DBL-LAYER-BMB,duplicate_local,SAR-BATMAN-DBL-LAYER-BMB-1511-S.jpg,,,,,,"SAR-BATMAN-DBL-LAYER-BMB-1509-S.jpg,SAR-BATMAN-DBL-LAYER-BMB-1510-S.jpg,SAR-BATMAN-DBL-LAYER-BMB-1512-S.jpg"
SAR-BATMAN-DBL-LAYER-BMB,duplicate_local,SAR-BATMAN-DBL-LAYER-BMB-1512-S.jpg,,,,,,"SAR-BATMAN-DBL-LAYER-BMB-1509-S.jpg,SAR-BATMAN-DBL-LAYER-BMB-1510-S.jpg,SAR-BATMAN-DBL-LAYER-BMB-1511-S.jpg"
SAR-BATMAN-MNKY-LUSH,missing_cdn,SAR-BATMAN-MNKY-LUSH-1202-T.jpg,1202,Mini,size,True,404,
SAR-BATMAN-MNKY-LUSH,missing_cdn,SAR-BATMAN-MNKY-LUSH-1202-S.jpg,1202,Mini,size,True,404,
SAR-BATMAN-MNKY-LUSH,missing_cdn,SAR-BATMAN-MNKY-LUSH-1204-S.jpg,1204,Toddler [Additional $63.00],size,True,404,
SAR-BATMAN-MNKY-LUSH,missing_cdn,SAR-BATMAN-MNKY-LUSH-1205-T.jpg,1205,XL [Additional $147.00],size,True,404,
SAR-BATMAN-MNKY-LUSH,missing_cdn,SAR-BATMAN-MNKY-LUSH-1205-S.jpg,1205,XL [Additional $147.00],size,True,404,
SAR-BATMAN-MNKY-LUSH,missing_local,SAR-BATMAN-MNKY-LUSH-altview9.jpg,,,altview,,,
SAR-BATMAN-MNKY-LUSH,missing_local,SAR-BATMAN-MNKY-LUSH-altview10.jpg,,,altview,,,
SAR-BATMAN-MNKY-LUSH,missing_local,SAR-BATMAN-MNKY-LUSH-altview11.jpg,,,altview,,,
SAR-BATMAN-MNKY-LUSH,missing_local,SAR-BATMAN-MNKY-LUSH-altview12.jpg,,,altview,,,
SAR-BMB-SETS,missing_cdn,SAR-BMB-SETS-1446-T.jpg,1446,Large,size,False,404,
SAR-BMB-SETS,missing_local,SAR-BMB-SETS-1446-T.jpg,1446,Large,size,False,404,
SAR-BMB-SETS,missing_cdn,SAR-BMB-SETS-1446-S.jpg,1446,Large,size,False,404,
SAR-BMB-SETS,missing_local,SAR-BMB-SETS-1446-S.jpg,1446,Large,size,False,404,
SAR-BMB-SETS,missing_cdn,SAR-BMB-SETS-1445-T.jpg,1445,Medium,size,False,404,
SAR-BMB-SETS,missing_local,SAR-BMB-SETS-1445-T.jpg,1445,Medium,size,False,404,
SAR-BMB-SETS,missing_cdn,SAR-BMB-SETS-1445-S.jpg,1445,Medium,size,False,404,
SAR-BMB-SETS,missing_local,SAR-BMB-SETS-1445-S.jpg,1445,Medium,size,False,404,
SAR-BMB-SETS,missing_cdn,SAR-BMB-SETS-1443-T.jpg,1443,Small,size,False,404,
SAR-BMB-SETS,missing_local,SAR-BMB-SETS-1443-T.jpg,1443,Small,size,False,404,
SAR-BMB-SETS,missing_cdn,SAR-BMB-SETS-1443-S.jpg,1443,Small,size,False,404,
SAR-BMB-SETS,missing_local,SAR-BMB-SETS-1443-S.jpg,1443,Small,size,False,404,
SAR-BMB-SETS,missing_local,SAR-BMB-SETS-altview9.jpg,,,altview,,,
SAR-BMB-SETS,missing_local,SAR-BMB-SETS-altview10.jpg,,,altview,,,
SAR-BMB-SETS,missing_local,SAR-BMB-SETS-altview11.jpg,,,altview,,,
SAR-BMB-SETS,missing_local,SAR-BMB-SETS-altview12.jpg,,,altview,,,
SAR-BMB-SNUGGLER,missing_cdn,SAR-BMB-SNUGGLER-1462-T.jpg,1462,Adult,size,False,404,
SAR-BMB-SNUGGLER,missing_local,SAR-BMB-SNUGGLER-1462-T.jpg,1462,Adult,size,False,404,
SAR-BMB-SNUGGLER,missing_cdn,SAR-BMB-SNUGGLER-1462-S.jpg,1462,Adult,size,False,404,
SAR-BMB-SNUGGLER,missing_local,SAR-BMB-SNUGGLER-1462-S.jpg,1462,Adult,size,False,404,
SAR-BMBU-RYN-MSLN-XL-LG-4,missing_cdn,SAR-BMBU-RYN-MSLN-XL-LG-4-1337-S.jpg,1337,Amelia,color,True,404,
SAR-BMBU-RYN-MSLN-XL-LG-4,missing_cdn,SAR-BMBU-RYN-MSLN-XL-LG-4-1338-T.jpg,1338,Jack,color,True,404,
SAR-BMBU-RYN-MSLN-XL-LG-4,missing_cdn,SAR-BMBU-RYN-MSLN-XL-LG-4-1338-S.jpg,1338,Jack,color,True,404,
SAR-COTTON-MSLN-4-LAYER,missing_cdn,SAR-COTTON-MSLN-4-LAYER-1340-S.jpg,1340,Pine,color,True,404,
SAR-COTTON-MSLN-4-LAYER,missing_cdn,SAR-COTTON-MSLN-4-LAYER-1339-S.jpg,1339,Simple Buds,color,True,404,
SAR-COTTON-MSLN-4-LAYER,duplicate_local,SAR-COTTON-MSLN-4-LAYER-1340-T.jpg,,,,,,SAR-COTTON-MSLN-4-LAYER-1160-T.jpg
SAR-COTTON-MSLN-4-LAYER,duplicate_local,SAR-COTTON-MSLN-4-LAYER-1160-T.jpg,,,,,,SAR-COTTON-MSLN-4-LAYER-1340-T.jpg
SAR-COTTON-MSLN-4-LAYER,duplicate_local,SAR-COTTON-MSLN-4-LAYER-1340-S.jpg,,,,,,SAR-COTTON-MSLN-4-LAYER-1160-S.jpg
SAR-COTTON-MSLN-4-LAYER,duplicate_local,SAR-COTTON-MSLN-4-LAYER-1160-S.jpg,,,,,,SAR-COTTON-MSLN-4-LAYER-1340-S.jpg
SAR-COTTON-MSLN-4-LAYER,duplicate_local,SAR-COTTON-MSLN-4-LAYER-1159-T.jpg,,,,,,SAR-COTTON-MSLN-4-LAYER-1339-T.jpg
SAR-COTTON-MSLN-4-LAYER,duplicate_local,SAR-COTTON-MSLN-4-LAYER-1339-T.jpg,,,,,,SAR-COTTON-MSLN-4-LAYER-1159-T.jpg
SAR-COTTON-MSLN-4-LAYER,duplicate_local,SAR-COTTON-MSLN-4-LAYER-1159-S.jpg,,,,,,SAR-COTTON-MSLN-4-LAYER-1339-S.jpg
SAR-COTTON-MSLN-4-LAYER,duplicate_local,SAR-COTTON-MSLN-4-LAYER-1339-S.jpg,,,,,,SAR-COTTON-MSLN-4-LAYER-1159-S.jpg
SAR-COZY-BMB-ROBES,duplicate_local,SAR-COZY-BMB-ROBES-1219-T.jpg,,,,,,SAR-COZY-BMB-ROBES-1218-T.jpg
SAR-COZY-BMB-ROBES,duplicate_local,SAR-COZY-BMB-ROBES-1218-T.jpg,,,,,,SAR-COZY-BMB-ROBES-1219-T.jpg
SAR-COZY-BMB-ROBES,duplicate_local,SAR-COZY-BMB-ROBES-1219-S.jpg,,,,,,SAR-COZY-BMB-ROBES-1218-S.jpg
SAR-COZY-BMB-ROBES,duplicate_local,SAR-COZY-BMB-ROBES-1218-S.jpg,,,,,,SAR-COZY-BMB-ROBES-1219-S.jpg
SAR-DBL-RCH-FX-FUR,missing_cdn,SAR-DBL-RCH-FX-FUR-1343-T.jpg,1343,Slate Blend,color,True,404,
SAR-DBL-RCH-FX-FUR,missing_cdn,SAR-DBL-RCH-FX-FUR-1343-S.jpg,1343,Slate Blend,color,True,404,
SAR-DBL-RCH-FX-FUR-XL-LG,missing_cdn,SAR-DBL-RCH-FX-FUR-XL-LG-1342-T.jpg,1342,Charcoal Blend,color,True,404,
SAR-DBL-RCH-FX-FUR-XL-LG,missing_cdn,SAR-DBL-RCH-FX-FUR-XL-LG-1342-S.jpg,1342,Charcoal Blend,color,True,404,
SAR-DBL-RCH-FX-FUR-XL-LG,missing_cdn,SAR-DBL-RCH-FX-FUR-XL-LG-1343-T.jpg,1343,Slate Blend,color,True,404,
SAR-DREAM-TOD,missing_local,SAR-DREAM-TOD-altview9.jpg,,,altview,,,
SAR-DREAM-TOD,missing_local,SAR-DREAM-TOD-altview10.jpg,,,altview,,,
SAR-DREAM-TOD,missing_local,SAR-DREAM-TOD-altview11.jpg,,,altview,,,
SAR-DREAM-TOD,missing_local,SAR-DREAM-TOD-altview12.jpg,,,altview,,,
SAR-ELF-SNUGGLER,duplicate_local,SAR-ELF-SNUGGLER-1521-T.jpg,,,,,,"SAR-ELF-SNUGGLER-1520-T.jpg,SAR-ELF-SNUGGLER-1348-T.jpg"
SAR-ELF-SNUGGLER,duplicate_local,SAR-ELF-SNUGGLER-1520-T.jpg,,,,,,"SAR-ELF-SNUGGLER-1521-T.jpg,SAR-ELF-SNUGGLER-1348-T.jpg"
SAR-ELF-SNUGGLER,duplicate_local,SAR-ELF-SNUGGLER-1348-T.jpg,,,,,,"SAR-ELF-SNUGGLER-1521-T.jpg,SAR-ELF-SNUGGLER-1520-T.jpg"
SAR-ELF-SNUGGLER,duplicate_local,SAR-ELF-SNUGGLER-1521-S.jpg,,,,,,"SAR-ELF-SNUGGLER-1520-S.jpg,SAR-ELF-SNUGGLER-1348-S.jpg"
SAR-ELF-SNUGGLER,duplicate_local,SAR-ELF-SNUGGLER-1520-S.jpg,,,,,,"SAR-ELF-SNUGGLER-1521-S.jpg,SAR-ELF-SNUGGLER-1348-S.jpg"
SAR-ELF-SNUGGLER,duplicate_local,SAR-ELF-SNUGGLER-1348-S.jpg,,,,,,"SAR-ELF-SNUGGLER-1521-S.jpg,SAR-ELF-SNUGGLER-1520-S.jpg"
SAR-FX-FUR-FULL-QUEEN,missing_local,SAR-FX-FUR-FULL-QUEEN-altview9.jpg,,,altview,,,
SAR-FX-FUR-FULL-QUEEN,missing_local,SAR-FX-FUR-FULL-QUEEN-altview10.jpg,,,altview,,,
SAR-FX-FUR-FULL-QUEEN,missing_local,SAR-FX-FUR-FULL-QUEEN-altview11.jpg,,,altview,,,
SAR-FX-FUR-FULL-QUEEN,missing_local,SAR-FX-FUR-FULL-QUEEN-altview12.jpg,,,altview,,,
SAR-FX-FUR-KING,duplicate_local,SAR-FX-FUR-KING-1048-T.jpg,,,,,,SAR-FX-FUR-KING-1048-S.jpg
SAR-FX-FUR-KING,duplicate_local,SAR-FX-FUR-KING-1048-S.jpg,,,,,,SAR-FX-FUR-KING-1048-T.jpg
SAR-FX-FUR-KING,duplicate_local,SAR-FX-FUR-KING-1158-T.jpg,,,,,,SAR-FX-FUR-KING-1158-S.jpg
SAR-FX-FUR-KING,duplicate_local,SAR-FX-FUR-KING-1158-S.jpg,,,,,,SAR-FX-FUR-KING-1158-T.jpg
SAR-FX-FUR-KING,duplicate_local,SAR-FX-FUR-KING-1154-T.jpg,,,,,,SAR-FX-FUR-KING-1154-S.jpg
SAR-FX-FUR-KING,duplicate_local,SAR-FX-FUR-KING-1154-S.jpg,,,,,,SAR-FX-FUR-KING-1154-T.jpg
SAR-FX-FUR-KING,duplicate_local,SAR-FX-FUR-KING-1093-T.jpg,,,,,,SAR-FX-FUR-KING-1093-S.jpg
SAR-FX-FUR-KING,duplicate_local,SAR-FX-FUR-KING-1093-S.jpg,,,,,,SAR-FX-FUR-KING-1093-T.jpg
SAR-FX-FUR-KING,duplicate_local,SAR-FX-FUR-KING-1049-T.jpg,,,,,,SAR-FX-FUR-KING-1049-S.jpg
SAR-FX-FUR-KING,duplicate_local,SAR-FX-FUR-KING-1049-S.jpg,,,,,,SAR-FX-FUR-KING-1049-T.jpg
SAR-FX-FUR-KING,duplicate_local,SAR-FX-FUR-KING-1155-T.jpg,,,,,,SAR-FX-FUR-KING-1155-S.jpg
SAR-FX-FUR-KING,duplicate_local,SAR-FX-FUR-KING-1155-S.jpg,,,,,,SAR-FX-FUR-KING-1155-T.jpg
SAR-FX-FUR-KING,duplicate_local,SAR-FX-FUR-KING-1156-T.jpg,,,,,,SAR-FX-FUR-KING-1156-S.jpg
SAR-FX-FUR-KING,duplicate_local,SAR-FX-FUR-KING-1156-S.jpg,,,,,,SAR-FX-FUR-KING-1156-T.jpg
SAR-HEIRLOOM-COTTON-KNT-SETS,duplicate_local,SAR-HEIRLOOM-COTTON-KNT-SETS-1356-T.jpg,,,,,,SAR-HEIRLOOM-COTTON-KNT-SETS-1357-T.jpg
SAR-HEIRLOOM-COTTON-KNT-SETS,duplicate_local,SAR-HEIRLOOM-COTTON-KNT-SETS-1357-T.jpg,,,,,,SAR-HEIRLOOM-COTTON-KNT-SETS-1356-T.jpg
SAR-HEIRLOOM-COTTON-KNT-SETS,duplicate_local,SAR-HEIRLOOM-COTTON-KNT-SETS-1356-S.jpg,,,,,,SAR-HEIRLOOM-COTTON-KNT-SETS-1357-S.jpg
SAR-HEIRLOOM-COTTON-KNT-SETS,duplicate_local,SAR-HEIRLOOM-COTTON-KNT-SETS-1357-S.jpg,,,,,,SAR-HEIRLOOM-COTTON-KNT-SETS-1356-S.jpg
SAR-HP-HP-MSLN-NRS,duplicate_local,SAR-HP-HP-MSLN-NRS-1359-T.jpg,,,,,,SAR-HP-HP-MSLN-NRS-1362-T.jpg
SAR-HP-HP-MSLN-NRS,duplicate_local,SAR-HP-HP-MSLN-NRS-1362-T.jpg,,,,,,SAR-HP-HP-MSLN-NRS-1359-T.jpg
SAR-HP-HP-MSLN-NRS,duplicate_local,SAR-HP-HP-MSLN-NRS-1359-S.jpg,,,,,,SAR-HP-HP-MSLN-NRS-1362-S.jpg
SAR-HP-HP-MSLN-NRS,duplicate_local,SAR-HP-HP-MSLN-NRS-1362-S.jpg,,,,,,SAR-HP-HP-MSLN-NRS-1359-S.jpg
SAR-JL-JL-MSLN-LUSH,missing_cdn,SAR-JL-JL-MSLN-LUSH-1367-T.jpg,1367,Quilt [Additional $43.00],size,True,404,
SAR-JL-JL-MSLN-LUSH,missing_cdn,SAR-JL-JL-MSLN-LUSH-1367-S.jpg,1367,Quilt [Additional $43.00],size,True,404,
SAR-JL-JL-MSLN-LUSH,missing_cdn,SAR-JL-JL-MSLN-LUSH-1368-T.jpg,1368,XL [Additional $157.00],size,True,404,
SAR-JL-JL-MSLN-LUSH,missing_cdn,SAR-JL-JL-MSLN-LUSH-1368-S.jpg,1368,XL [Additional $157.00],size,True,404,
SAR-JL-JL-SNUGGLER,missing_cdn,SAR-JL-JL-SNUGGLER-1210-T.jpg,1210,Youth,size,False,404,
SAR-JL-JL-SNUGGLER,missing_local,SAR-JL-JL-SNUGGLER-1210-T.jpg,1210,Youth,size,False,404,
SAR-JL-JL-SNUGGLER,missing_cdn,SAR-JL-JL-SNUGGLER-1210-S.jpg,1210,Youth,size,False,404,
SAR-JL-JL-SNUGGLER,missing_local,SAR-JL-JL-SNUGGLER-1210-S.jpg,1210,Youth,size,False,404,
SAR-MNKY-STR-LUXE-ROBES,missing_cdn,SAR-MNKY-STR-LUXE-ROBES-1215-T.jpg,1215,Large,size,True,404,
SAR-MNKY-STR-LUXE-ROBES,missing_cdn,SAR-MNKY-STR-LUXE-ROBES-1215-S.jpg,1215,Large,size,True,404,
SAR-MNKY-STR-LUXE-ROBES,missing_cdn,SAR-MNKY-STR-LUXE-ROBES-1214-T.jpg,1214,Medium,size,True,404,
SAR-MNKY-STR-LUXE-ROBES,missing_cdn,SAR-MNKY-STR-LUXE-ROBES-1214-S.jpg,1214,Medium,size,True,404,
SAR-MNKY-STR-LUXE-ROBES,missing_cdn,SAR-MNKY-STR-LUXE-ROBES-1213-T.jpg,1213,Small,size,True,404,
SAR-MNKY-STR-LUXE-ROBES,duplicate_local,SAR-MNKY-STR-LUXE-ROBES-1151-T.jpg,,,,,,"SAR-MNKY-STR-LUXE-ROBES-1215-T.jpg,SAR-MNKY-STR-LUXE-ROBES-1214-T.jpg,SAR-MNKY-STR-LUXE-ROBES-1213-T.jpg"
SAR-MNKY-STR-LUXE-ROBES,duplicate_local,SAR-MNKY-STR-LUXE-ROBES-1215-T.jpg,,,,,,"SAR-MNKY-STR-LUXE-ROBES-1151-T.jpg,SAR-MNKY-STR-LUXE-ROBES-1214-T.jpg,SAR-MNKY-STR-LUXE-ROBES-1213-T.jpg"
SAR-MNKY-STR-LUXE-ROBES,duplicate_local,SAR-MNKY-STR-LUXE-ROBES-1214-T.jpg,,,,,,"SAR-MNKY-STR-LUXE-ROBES-1151-T.jpg,SAR-MNKY-STR-LUXE-ROBES-1215-T.jpg,SAR-MNKY-STR-LUXE-ROBES-1213-T.jpg"
SAR-MNKY-STR-LUXE-ROBES,duplicate_local,SAR-MNKY-STR-LUXE-ROBES-1213-T.jpg,,,,,,"SAR-MNKY-STR-LUXE-ROBES-1151-T.jpg,SAR-MNKY-STR-LUXE-ROBES-1215-T.jpg,SAR-MNKY-STR-LUXE-ROBES-1214-T.jpg"
SAR-MNKY-STR-LUXE-ROBES,duplicate_local,SAR-MNKY-STR-LUXE-ROBES-1151-S.jpg,,,,,,"SAR-MNKY-STR-LUXE-ROBES-1215-S.jpg,SAR-MNKY-STR-LUXE-ROBES-1214-S.jpg,SAR-MNKY-STR-LUXE-ROBES-1213-S.jpg"
SAR-MNKY-STR-LUXE-ROBES,duplicate_local,SAR-MNKY-STR-LUXE-ROBES-1215-S.jpg,,,,,,"SAR-MNKY-STR-LUXE-ROBES-1151-S.jpg,SAR-MNKY-STR-LUXE-ROBES-1214-S.jpg,SAR-MNKY-STR-LUXE-ROBES-1213-S.jpg"
SAR-MNKY-STR-LUXE-ROBES,duplicate_local,SAR-MNKY-STR-LUXE-ROBES-1214-S.jpg,,,,,,"SAR-MNKY-STR-LUXE-ROBES-1151-S.jpg,SAR-MNKY-STR-LUXE-ROBES-1215-S.jpg,SAR-MNKY-STR-LUXE-ROBES-1213-S.jpg"
SAR-MNKY-STR-LUXE-ROBES,duplicate_local,SAR-MNKY-STR-LUXE-ROBES-1213-S.jpg,,,,,,"SAR-MNKY-STR-LUXE-ROBES-1151-S.jpg,SAR-MNKY-STR-LUXE-ROBES-1215-S.jpg,SAR-MNKY-STR-LUXE-ROBES-1214-S.jpg"
SAR-MNKY-STR-LUXE-ROBES,missing_local,SAR-MNKY-STR-LUXE-ROBES-altview9.jpg,,,altview,,,
SAR-MNKY-STR-LUXE-ROBES,missing_local,SAR-MNKY-STR-LUXE-ROBES-altview10.jpg,,,altview,,,
SAR-MNKY-STR-LUXE-ROBES,missing_local,SAR-MNKY-STR-LUXE-ROBES-altview11.jpg,,,altview,,,
SAR-MNKY-STR-LUXE-ROBES,missing_local,SAR-MNKY-STR-LUXE-ROBES-altview12.jpg,,,altview,,,
SAR-PLEATED-DUST-RUFFLE,missing_cdn,SAR-PLEATED-DUST-RUFFLE-1495-S.jpg,1495,Cream,color,True,404,
SAR-PTR-RBT-BMBU-RYN-MSLN,missing_local,SAR-PTR-RBT-BMBU-RYN-MSLN-altview9.jpg,,,altview,,,
SAR-PTR-RBT-BMBU-RYN-MSLN,missing_local,SAR-PTR-RBT-BMBU-RYN-MSLN-altview10.jpg,,,altview,,,
SAR-PTR-RBT-BMBU-RYN-MSLN,missing_local,SAR-PTR-RBT-BMBU-RYN-MSLN-altview11.jpg,,,altview,,,
SAR-PTR-RBT-BMBU-RYN-MSLN,missing_local,SAR-PTR-RBT-BMBU-RYN-MSLN-altview12.jpg,,,altview,,,
SAR-PTR-RBT-BMBU-RYN-MSLN-02,missing_local,SAR-PTR-RBT-BMBU-RYN-MSLN-02-altview9.jpg,,,altview,,,
SAR-PTR-RBT-BMBU-RYN-MSLN-2,duplicate_local,SAR-PTR-RBT-BMBU-RYN-MSLN-2-1372-T.jpg,,,,,,SAR-PTR-RBT-BMBU-RYN-MSLN-2-1372-S.jpg
SAR-PTR-RBT-BMBU-RYN-MSLN-2,duplicate_local,SAR-PTR-RBT-BMBU-RYN-MSLN-2-1372-S.jpg,,,,,,SAR-PTR-RBT-BMBU-RYN-MSLN-2-1372-T.jpg
SAR-PTR-RBT-BMBU-RYN-MSLN-2,duplicate_local,SAR-PTR-RBT-BMBU-RYN-MSLN-2-1371-T.jpg,,,,,,SAR-PTR-RBT-BMBU-RYN-MSLN-2-1371-S.jpg
SAR-PTR-RBT-BMBU-RYN-MSLN-2,duplicate_local,SAR-PTR-RBT-BMBU-RYN-MSLN-2-1371-S.jpg,,,,,,SAR-PTR-RBT-BMBU-RYN-MSLN-2-1371-T.jpg
SAR-PTRN-FX-FUR,missing_cdn,SAR-PTRN-FX-FUR-1430-T.jpg,1430,Buff,color,True,404,
SAR-PTRN-FX-FUR,missing_cdn,SAR-PTRN-FX-FUR-1430-S.jpg,1430,Buff,color,True,404,
SAR-PTRN-FX-FUR,missing_cdn,SAR-PTRN-FX-FUR-1428-T.jpg,1428,Charcoal,color,True,404,
SAR-PTRN-FX-FUR,missing_cdn,SAR-PTRN-FX-FUR-1428-S.jpg,1428,Charcoal,color,True,404,
SAR-PTRN-FX-FUR,missing_cdn,SAR-PTRN-FX-FUR-1429-T.jpg,1429,Dove,color,True,404,
SAR-PTRN-FX-FUR,missing_cdn,SAR-PTRN-FX-FUR-1425-S.jpg,1425,Feather,color,True,404,
SAR-PTRN-FX-FUR,missing_cdn,SAR-PTRN-FX-FUR-1427-T.jpg,1427,Gray,color,True,404,
SAR-PTRN-FX-FUR,missing_cdn,SAR-PTRN-FX-FUR-1427-S.jpg,1427,Gray,color,True,404,
SAR-PTRN-FX-FUR,missing_cdn,SAR-PTRN-FX-FUR-1426-S.jpg,1426,Ivory,color,True,404,
SAR-PTRN-FX-FUR-XL-LG,missing_cdn,SAR-PTRN-FX-FUR-XL-LG-1435-T.jpg,1435,Buff,color,True,404,
SAR-PTRN-FX-FUR-XL-LG,missing_cdn,SAR-PTRN-FX-FUR-XL-LG-1435-S.jpg,1435,Buff,color,True,404,
SAR-PTRN-FX-FUR-XL-LG,missing_cdn,SAR-PTRN-FX-FUR-XL-LG-1433-T.jpg,1433,Charcoal,color,True,404,
SAR-PTRN-FX-FUR-XL-LG,missing_cdn,SAR-PTRN-FX-FUR-XL-LG-1433-S.jpg,1433,Charcoal,color,True,404,
SAR-PTRN-FX-FUR-XL-LG,missing_cdn,SAR-PTRN-FX-FUR-XL-LG-1434-T.jpg,1434,Dove,color,True,404,
SAR-PTRN-FX-FUR-XL-LG,missing_cdn,SAR-PTRN-FX-FUR-XL-LG-1434-S.jpg,1434,Dove,color,True,404,
SAR-PTRN-FX-FUR-XL-LG,missing_cdn,SAR-PTRN-FX-FUR-XL-LG-1386-S.jpg,1386,Driftwood,color,True,404,
SAR-PTRN-FX-FUR-XL-LG,missing_cdn,SAR-PTRN-FX-FUR-XL-LG-1432-T.jpg,1432,Feather,color,True,404,
SAR-PTRN-FX-FUR-XL-LG,missing_cdn,SAR-PTRN-FX-FUR-XL-LG-1432-S.jpg,1432,Feather,color,True,404,
SAR-PTRN-FX-FUR-XL-LG,missing_cdn,SAR-PTRN-FX-FUR-XL-LG-1387-T.jpg,1387,Seabrook,color,True,404,
SAR-PTRN-FX-FUR-XL-LG,missing_cdn,SAR-PTRN-FX-FUR-XL-LG-1387-S.jpg,1387,Seabrook,color,True,404,
SAR-PTRN-FX-FUR-XL-LG,missing_cdn,SAR-PTRN-FX-FUR-XL-LG-1385-T.jpg,1385,Woodland,color,True,404,
SAR-PTRN-FX-FUR-XL-LG,missing_cdn,SAR-PTRN-FX-FUR-XL-LG-1385-S.jpg,1385,Woodland,color,True,404,
SAR-RIBBED-BMB,missing_cdn,SAR-RIBBED-BMB-1440-T.jpg,1440,Charcoal,color,True,404,
SAR-RIBBED-BMB,missing_cdn,SAR-RIBBED-BMB-1440-S.jpg,1440,Charcoal,color,True,404,
SAR-RIBBED-BMB-QUEEN-KING,missing_cdn,SAR-RIBBED-BMB-QUEEN-KING-1442-T.jpg,1442,Charcoal,color,True,404,
SAR-SAUCER-CHAIR,missing_local,SAR-SAUCER-CHAIR-1096-T.jpg,1096,Buff,color,False,200,
SAR-SAUCER-CHAIR,missing_local,SAR-SAUCER-CHAIR-1096-S.jpg,1096,Buff,color,False,200,
SAR-SNUGGLE-UP-CHAIR,missing_local,SAR-SNUGGLE-UP-CHAIR-1096-T.jpg,1096,Buff,color,False,200,
SAR-SNUGGLE-UP-CHAIR,missing_local,SAR-SNUGGLE-UP-CHAIR-1096-S.jpg,1096,Buff,color,False,200,
SAR-SNUGGLER,missing_cdn,SAR-SNUGGLER-1210-T.jpg,1210,Youth,size,True,404,
SAR-SNUGGLER,missing_cdn,SAR-SNUGGLER-1210-S.jpg,1210,Youth,size,True,404,
SAR-SNUGGLER,duplicate_local,SAR-SNUGGLER-1156-T.jpg,,,,,,SAR-SNUGGLER-1210-T.jpg
SAR-SNUGGLER,duplicate_local,SAR-SNUGGLER-1210-T.jpg,,,,,,SAR-SNUGGLER-1156-T.jpg
SAR-SNUGGLER,duplicate_local,SAR-SNUGGLER-1156-S.jpg,,,,,,SAR-SNUGGLER-1210-S.jpg
SAR-SNUGGLER,duplicate_local,SAR-SNUGGLER-1210-S.jpg,,,,,,SAR-SNUGGLER-1156-S.jpg
SAR-STUFFED-ANML-LVYS,missing_local,SAR-STUFFED-ANML-LVYS-1206-T.jpg,1206,Bear,cat60,False,200,
SAR-STUFFED-ANML-LVYS,missing_local,SAR-STUFFED-ANML-LVYS-1206-S.jpg,1206,Bear,cat60,False,200,
SAR-STUFFED-ANML-LVYS,missing_local,SAR-STUFFED-ANML-LVYS-1207-T.jpg,1207,Bunny,cat60,False,200,
SAR-STUFFED-ANML-LVYS,missing_local,SAR-STUFFED-ANML-LVYS-1207-S.jpg,1207,Bunny,cat60,False,200,
SAR-STUFFED-ANML-LVYS,missing_local,SAR-STUFFED-ANML-LVYS-1208-T.jpg,1208,Elephant,cat60,False,200,
SAR-STUFFED-ANML-LVYS,missing_local,SAR-STUFFED-ANML-LVYS-1208-S.jpg,1208,Elephant,cat60,False,200,
SAR-STUFFED-ANML-LVYS,missing_local,SAR-STUFFED-ANML-LVYS-1209-T.jpg,1209,Puppy,cat60,False,200,
SAR-STUFFED-ANML-LVYS,missing_local,SAR-STUFFED-ANML-LVYS-1209-S.jpg,1209,Puppy,cat60,False,200,
SAR-STUFFED-ANML-ROCKERS,missing_cdn,SAR-STUFFED-ANML-ROCKERS-1538-T.jpg,1538,Elephant,size,True,404,
SAR-STUFFED-ANML-ROCKERS,missing_cdn,SAR-STUFFED-ANML-ROCKERS-1538-S.jpg,1538,Elephant,size,True,404,
SAR-STUFFED-ANML-ROCKERS,missing_cdn,SAR-STUFFED-ANML-ROCKERS-1536-T.jpg,1536,Puppy,size,True,404,
SAR-STUFFED-ANML-ROCKERS,missing_cdn,SAR-STUFFED-ANML-ROCKERS-1536-S.jpg,1536,Puppy,size,True,404,
SAR-SUPERMAN-DBL-LAYER-BMB,missing_cdn,SAR-SUPERMAN-DBL-LAYER-BMB-1498-T.jpg,1498,Mini,size,True,404,
SAR-SUPERMAN-DBL-LAYER-BMB,missing_cdn,SAR-SUPERMAN-DBL-LAYER-BMB-1498-S.jpg,1498,Mini,size,True,404,
SAR-SUPERMAN-DBL-LAYER-BMB,missing_cdn,SAR-SUPERMAN-DBL-LAYER-BMB-1499-T.jpg,1499,Receiving [Additional $33.00],size,True,404,
SAR-SUPERMAN-DBL-LAYER-BMB,missing_cdn,SAR-SUPERMAN-DBL-LAYER-BMB-1499-S.jpg,1499,Receiving [Additional $33.00],size,True,404,
SAR-SUPERMAN-DBL-LAYER-BMB,missing_cdn,SAR-SUPERMAN-DBL-LAYER-BMB-1500-T.jpg,1500,Throw [Additional $117.00],size,True,404,
SAR-SUPERMAN-DBL-LAYER-BMB,missing_cdn,SAR-SUPERMAN-DBL-LAYER-BMB-1500-S.jpg,1500,Throw [Additional $117.00],size,True,404,
SAR-SUPERMAN-DBL-LAYER-BMB,missing_cdn,SAR-SUPERMAN-DBL-LAYER-BMB-1501-T.jpg,1501,XL [Additional $167.00],size,True,404,
SAR-SUPERMAN-DBL-LAYER-BMB,missing_cdn,SAR-SUPERMAN-DBL-LAYER-BMB-1501-S.jpg,1501,XL [Additional $167.00],size,True,404,
SAR-SUPERMAN-MNKY-LUSH,missing_cdn,SAR-SUPERMAN-MNKY-LUSH-1203-T.jpg,1203,Receiving [Additional $33.00],size,True,404,
SAR-SUPERMAN-MNKY-LUSH,missing_cdn,SAR-SUPERMAN-MNKY-LUSH-1203-S.jpg,1203,Receiving [Additional $33.00],size,True,404,
SAR-SUPERMAN-MNKY-LUSH,missing_cdn,SAR-SUPERMAN-MNKY-LUSH-1204-T.jpg,1204,Toddler [Additional $63.00],size,True,404,
SAR-SUPERMAN-MNKY-LUSH,missing_cdn,SAR-SUPERMAN-MNKY-LUSH-1204-S.jpg,1204,Toddler [Additional $63.00],size,True,404,
SAR-SUPERMAN-MNKY-LUSH,missing_local,SAR-SUPERMAN-MNKY-LUSH-altview9.jpg,,,altview,,,
SAR-SUPERMAN-MNKY-LUSH,missing_local,SAR-SUPERMAN-MNKY-LUSH-altview10.jpg,,,altview,,,
SAR-SUPERMAN-MNKY-LUSH,missing_local,SAR-SUPERMAN-MNKY-LUSH-altview11.jpg,,,altview,,,
SAR-SUPERMAN-MNKY-LUSH,missing_local,SAR-SUPERMAN-MNKY-LUSH-altview12.jpg,,,altview,,,
SAR-WEARABLE,missing_cdn,SAR-WEARABLE-1414-T.jpg,1414,Medium Faux Fur [Additional $3.00],size,True,404,
SAR-WEARABLE,missing_cdn,SAR-WEARABLE-1414-S.jpg,1414,Medium Faux Fur [Additional $3.00],size,True,404,
SAR-WEARABLE,missing_cdn,SAR-WEARABLE-1412-T.jpg,1412,Medium Minky [Additional $3.00],size,True,404,
SAR-WEARABLE,missing_cdn,SAR-WEARABLE-1412-S.jpg,1412,Medium Minky [Additional $3.00],size,True,404,
SAR-WEARABLE,missing_cdn,SAR-WEARABLE-1413-S.jpg,1413,Small Faux Fur,size,True,404,
SAR-WEARABLE,missing_cdn,SAR-WEARABLE-1411-T.jpg,1411,Small Minky,size,True,404,
SAR-WEARABLE,missing_cdn,SAR-WEARABLE-1411-S.jpg,1411,Small Minky,size,True,404,
SAR-WEARABLE,duplicate_local,SAR-WEARABLE-1049-T.jpg,,,,,,SAR-WEARABLE-1411-T.jpg
SAR-WEARABLE,duplicate_local,SAR-WEARABLE-1411-T.jpg,,,,,,SAR-WEARABLE-1049-T.jpg
SAR-WEARABLE,duplicate_local,SAR-WEARABLE-1049-S.jpg,,,,,,SAR-WEARABLE-1411-S.jpg
SAR-WEARABLE,duplicate_local,SAR-WEARABLE-1411-S.jpg,,,,,,SAR-WEARABLE-1049-S.jpg
SAR-WFL-KNT-MINI,missing_local,SAR-WFL-KNT-MINI-altview9.jpg,,,altview,,,
SAR-WFL-KNT-MINI,missing_local,SAR-WFL-KNT-MINI-altview10.jpg,,,altview,,,
SAR-WFL-KNT-MINI,missing_local,SAR-WFL-KNT-MINI-altview11.jpg,,,altview,,,
SAR-WFL-KNT-MINI,missing_local,SAR-WFL-KNT-MINI-altview12.jpg,,,altview,,,
SAR-WFL-KNT-ROBES,missing_cdn,SAR-WFL-KNT-ROBES-1215-T.jpg,1215,Large,size,True,404,
SAR-WFL-KNT-ROBES,missing_cdn,SAR-WFL-KNT-ROBES-1215-S.jpg,1215,Large,size,True,404,
SAR-WFL-KNT-ROBES,missing_cdn,SAR-WFL-KNT-ROBES-1214-T.jpg,1214,Medium,size,True,404,
SAR-WFL-KNT-ROBES,missing_cdn,SAR-WFL-KNT-ROBES-1214-S.jpg,1214,Medium,size,True,404,
SAR-WFL-KNT-ROBES,missing_cdn,SAR-WFL-KNT-ROBES-1213-T.jpg,1213,Small,size,True,404,
SAR-WFL-KNT-ROBES,missing_cdn,SAR-WFL-KNT-ROBES-1213-S.jpg,1213,Small,size,True,404,
SAR-WFL-KNT-ROBES,missing_cdn,SAR-WFL-KNT-ROBES-1216-T.jpg,1216,XL,size,True,404,
SAR-WFL-KNT-ROBES,missing_cdn,SAR-WFL-KNT-ROBES-1216-S.jpg,1216,XL,size,True,404,
SAR-WFL-KNT-ROBES,missing_cdn,SAR-WFL-KNT-ROBES-1217-T.jpg,1217,XXL,size,True,404,
SAR-WFL-KNT-ROBES,missing_cdn,SAR-WFL-KNT-ROBES-1217-S.jpg,1217,XXL,size,True,404,
SAR-WFL-KNT-ROBES,missing_cdn,SAR-WFL-KNT-ROBES-1415-T.jpg,1415,XXL,size,True,404,
SAR-WFL-KNT-ROBES,missing_cdn,SAR-WFL-KNT-ROBES-1415-S.jpg,1415,XXL,size,True,404,
SAR-WFL-KNT-ROBES,duplicate_local,SAR-WFL-KNT-ROBES-1110-T.jpg,,,,,,"SAR-WFL-KNT-ROBES-1215-T.jpg,SAR-WFL-KNT-ROBES-1214-T.jpg,SAR-WFL-KNT-ROBES-1213-T.jpg,SAR-WFL-KNT-ROBES-1216-T.jpg,SAR-WFL-KNT-ROBES-1217-T.jpg,SAR-WFL-KNT-ROBES-1415-T.jpg"
SAR-WFL-KNT-ROBES,duplicate_local,SAR-WFL-KNT-ROBES-1215-T.jpg,,,,,,"SAR-WFL-KNT-ROBES-1110-T.jpg,SAR-WFL-KNT-ROBES-1214-T.jpg,SAR-WFL-KNT-ROBES-1213-T.jpg,SAR-WFL-KNT-ROBES-1216-T.jpg,SAR-WFL-KNT-ROBES-1217-T.jpg,SAR-WFL-KNT-ROBES-1415-T.jpg"
SAR-WFL-KNT-ROBES,duplicate_local,SAR-WFL-KNT-ROBES-1214-T.jpg,,,,,,"SAR-WFL-KNT-ROBES-1110-T.jpg,SAR-WFL-KNT-ROBES-1215-T.jpg,SAR-WFL-KNT-ROBES-1213-T.jpg,SAR-WFL-KNT-ROBES-1216-T.jpg,SAR-WFL-KNT-ROBES-1217-T.jpg,SAR-WFL-KNT-ROBES-1415-T.jpg"
SAR-WFL-KNT-ROBES,duplicate_local,SAR-WFL-KNT-ROBES-1213-T.jpg,,,,,,"SAR-WFL-KNT-ROBES-1110-T.jpg,SAR-WFL-KNT-ROBES-1215-T.jpg,SAR-WFL-KNT-ROBES-1214-T.jpg,SAR-WFL-KNT-ROBES-1216-T.jpg,SAR-WFL-KNT-ROBES-1217-T.jpg,SAR-WFL-KNT-ROBES-1415-T.jpg"
SAR-WFL-KNT-ROBES,duplicate_local,SAR-WFL-KNT-ROBES-1216-T.jpg,,,,,,"SAR-WFL-KNT-ROBES-1110-T.jpg,SAR-WFL-KNT-ROBES-1215-T.jpg,SAR-WFL-KNT-ROBES-1214-T.jpg,SAR-WFL-KNT-ROBES-1213-T.jpg,SAR-WFL-KNT-ROBES-1217-T.jpg,SAR-WFL-KNT-ROBES-1415-T.jpg"
SAR-WFL-KNT-ROBES,duplicate_local,SAR-WFL-KNT-ROBES-1217-T.jpg,,,,,,"SAR-WFL-KNT-ROBES-1110-T.jpg,SAR-WFL-KNT-ROBES-1215-T.jpg,SAR-WFL-KNT-ROBES-1214-T.jpg,SAR-WFL-KNT-ROBES-1213-T.jpg,SAR-WFL-KNT-ROBES-1216-T.jpg,SAR-WFL-KNT-ROBES-1415-T.jpg"
SAR-WFL-KNT-ROBES,duplicate_local,SAR-WFL-KNT-ROBES-1415-T.jpg,,,,,,"SAR-WFL-KNT-ROBES-1110-T.jpg,SAR-WFL-KNT-ROBES-1215-T.jpg,SAR-WFL-KNT-ROBES-1214-T.jpg,SAR-WFL-KNT-ROBES-1213-T.jpg,SAR-WFL-KNT-ROBES-1216-T.jpg,SAR-WFL-KNT-ROBES-1217-T.jpg"
SAR-WFL-KNT-ROBES,duplicate_local,SAR-WFL-KNT-ROBES-1110-S.jpg,,,,,,"SAR-WFL-KNT-ROBES-1215-S.jpg,SAR-WFL-KNT-ROBES-1214-S.jpg,SAR-WFL-KNT-ROBES-1213-S.jpg,SAR-WFL-KNT-ROBES-1216-S.jpg,SAR-WFL-KNT-ROBES-1217-S.jpg,SAR-WFL-KNT-ROBES-1415-S.jpg"
SAR-WFL-KNT-ROBES,duplicate_local,SAR-WFL-KNT-ROBES-1215-S.jpg,,,,,,"SAR-WFL-KNT-ROBES-1110-S.jpg,SAR-WFL-KNT-ROBES-1214-S.jpg,SAR-WFL-KNT-ROBES-1213-S.jpg,SAR-WFL-KNT-ROBES-1216-S.jpg,SAR-WFL-KNT-ROBES-1217-S.jpg,SAR-WFL-KNT-ROBES-1415-S.jpg"
SAR-WFL-KNT-ROBES,duplicate_local,SAR-WFL-KNT-ROBES-1214-S.jpg,,,,,,"SAR-WFL-KNT-ROBES-1110-S.jpg,SAR-WFL-KNT-ROBES-1215-S.jpg,SAR-WFL-KNT-ROBES-1213-S.jpg,SAR-WFL-KNT-ROBES-1216-S.jpg,SAR-WFL-KNT-ROBES-1217-S.jpg,SAR-WFL-KNT-ROBES-1415-S.jpg"
SAR-WFL-KNT-ROBES,duplicate_local,SAR-WFL-KNT-ROBES-1213-S.jpg,,,,,,"SAR-WFL-KNT-ROBES-1110-S.jpg,SAR-WFL-KNT-ROBES-1215-S.jpg,SAR-WFL-KNT-ROBES-1214-S.jpg,SAR-WFL-KNT-ROBES-1216-S.jpg,SAR-WFL-KNT-ROBES-1217-S.jpg,SAR-WFL-KNT-ROBES-1415-S.jpg"
SAR-WFL-KNT-ROBES,duplicate_local,SAR-WFL-KNT-ROBES-1216-S.jpg,,,,,,"SAR-WFL-KNT-ROBES-1110-S.jpg,SAR-WFL-KNT-ROBES-1215-S.jpg,SAR-WFL-KNT-ROBES-1214-S.jpg,SAR-WFL-KNT-ROBES-1213-S.jpg,SAR-WFL-KNT-ROBES-1217-S.jpg,SAR-WFL-KNT-ROBES-1415-S.jpg"
SAR-WFL-KNT-ROBES,duplicate_local,SAR-WFL-KNT-ROBES-1217-S.jpg,,,,,,"SAR-WFL-KNT-ROBES-1110-S.jpg,SAR-WFL-KNT-ROBES-1215-S.jpg,SAR-WFL-KNT-ROBES-1214-S.jpg,SAR-WFL-KNT-ROBES-1213-S.jpg,SAR-WFL-KNT-ROBES-1216-S.jpg,SAR-WFL-KNT-ROBES-1415-S.jpg"
SAR-WFL-KNT-ROBES,duplicate_local,SAR-WFL-KNT-ROBES-1415-S.jpg,,,,,,"SAR-WFL-KNT-ROBES-1110-S.jpg,SAR-WFL-KNT-ROBES-1215-S.jpg,SAR-WFL-KNT-ROBES-1214-S.jpg,SAR-WFL-KNT-ROBES-1213-S.jpg,SAR-WFL-KNT-ROBES-1216-S.jpg,SAR-WFL-KNT-ROBES-1217-S.jpg"
SAR-WFL-KNT-ROBES,missing_local,SAR-WFL-KNT-ROBES-altview9.jpg,,,altview,,,
SAR-WFL-KNT-ROBES,missing_local,SAR-WFL-KNT-ROBES-altview10.jpg,,,altview,,,
SAR-WFL-KNT-ROBES,missing_local,SAR-WFL-KNT-ROBES-altview11.jpg,,,altview,,,
SAR-WFL-KNT-ROBES,missing_local,SAR-WFL-KNT-ROBES-altview12.jpg,,,altview,,,
SAR-WIZARDIN-WORLD-CHARM,duplicate_local,SAR-WIZARDIN-WORLD-CHARM-1204-T.jpg,,,,,,SAR-WIZARDIN-WORLD-CHARM-1205-T.jpg
SAR-WIZARDIN-WORLD-CHARM,duplicate_local,SAR-WIZARDIN-WORLD-CHARM-1205-T.jpg,,,,,,SAR-WIZARDIN-WORLD-CHARM-1204-T.jpg
SAR-WIZARDIN-WORLD-CHARM,duplicate_local,SAR-WIZARDIN-WORLD-CHARM-1204-S.jpg,,,,,,SAR-WIZARDIN-WORLD-CHARM-1205-S.jpg
SAR-WIZARDIN-WORLD-CHARM,duplicate_local,SAR-WIZARDIN-WORLD-CHARM-1205-S.jpg,,,,,,SAR-WIZARDIN-WORLD-CHARM-1204-S.jpg
SAR-WONDER-WOMAN-DBL-LAYER,missing_cdn,SAR-WONDER-WOMAN-DBL-LAYER-1505-T.jpg,1505,Mini,size,True,404,
SAR-WONDER-WOMAN-DBL-LAYER,missing_cdn,SAR-WONDER-WOMAN-DBL-LAYER-1505-S.jpg,1505,Mini,size,True,404,
SAR-WONDER-WOMAN-DBL-LAYER,missing_cdn,SAR-WONDER-WOMAN-DBL-LAYER-1506-T.jpg,1506,Receiving [Additional $33.00],size,True,404,
SAR-WONDER-WOMAN-DBL-LAYER,missing_cdn,SAR-WONDER-WOMAN-DBL-LAYER-1507-T.jpg,1507,Throw [Additional $117.00],size,True,404,
SAR-WONDER-WOMAN-DBL-LAYER,missing_cdn,SAR-WONDER-WOMAN-DBL-LAYER-1507-S.jpg,1507,Throw [Additional $117.00],size,True,404,
SAR-WONDER-WOMAN-DBL-LAYER,missing_cdn,SAR-WONDER-WOMAN-DBL-LAYER-1508-T.jpg,1508,XL [Additional $167.00],size,True,404,
SAR-WONDER-WOMAN-DBL-LAYER,missing_cdn,SAR-WONDER-WOMAN-DBL-LAYER-1508-S.jpg,1508,XL [Additional $167.00],size,True,404,
SAR-WONDER-WOMAN-MNKY-LUSH,missing_cdn,SAR-WONDER-WOMAN-MNKY-LUSH-1202-T.jpg,1202,Mini,size,True,404,
SAR-WONDER-WOMAN-MNKY-LUSH,missing_cdn,SAR-WONDER-WOMAN-MNKY-LUSH-1202-S.jpg,1202,Mini,size,True,404,
SAR-WONDER-WOMAN-MNKY-LUSH,missing_cdn,SAR-WONDER-WOMAN-MNKY-LUSH-1203-T.jpg,1203,Receiving [Additional $33.00],size,True,404,
SAR-WONDER-WOMAN-MNKY-LUSH,missing_cdn,SAR-WONDER-WOMAN-MNKY-LUSH-1204-S.jpg,1204,Toddler [Additional $63.00],size,True,404,
SAR-WONDER-WOMAN-MNKY-LUSH,missing_cdn,SAR-WONDER-WOMAN-MNKY-LUSH-1205-T.jpg,1205,XL [Additional $147.00],size,True,404,
SAR-WONDER-WOMAN-MNKY-LUSH,missing_cdn,SAR-WONDER-WOMAN-MNKY-LUSH-1205-S.jpg,1205,XL [Additional $147.00],size,True,404,
SAR-WONDER-WOMAN-MNKY-LUSH,missing_local,SAR-WONDER-WOMAN-MNKY-LUSH-altview9.jpg,,,altview,,,
SAR-WONDER-WOMAN-MNKY-LUSH,missing_local,SAR-WONDER-WOMAN-MNKY-LUSH-altview10.jpg,,,altview,,,
SAR-WONDER-WOMAN-MNKY-LUSH,missing_local,SAR-WONDER-WOMAN-MNKY-LUSH-altview11.jpg,,,altview,,,
SAR-WONDER-WOMAN-MNKY-LUSH,missing_local,SAR-WONDER-WOMAN-MNKY-LUSH-altview12.jpg,,,altview,,,
