"ProductCode","ProductDescription"
"SAR-BABY-BMB-LITE-SETS","This coordinated baby set is made with Saranoni’s lightweight Bamboni® fabric, a cloud-soft blend designed to feel breathable, stretchy, and gentle against delicate skin. The matching pieces create an easy everyday outfit for naps, cuddles, and comfortable play.

<!-- saranoni-supplier-copy -->
Our beloved Bamboni softness, now in a lighter weight perfect for your little one. The Baby Bamboni Lite Set includes a cozy kimono-style top and matching pants, thoughtfully designed for your little one’s comfort and movement. Made with our signature Bamboni Lite fabric, this set is breathable, silky-smooth and gentle against delicate skin.

 Whether lounging, playing, or napping, your baby will feel perfectly snug without overheating. Available in sizes 0–3 months, 3–6 months, and 6–12 months for every stage of baby snuggles."
"SAR-BAMBONI-TWIN-BLANKETS","The Bamboni® Twin Blanket is designed for indulgent everyday comfort. Saranoni’s cloud-like bamboni® blend feels light, breathable, stretchy, and exceptionally soft. Its twin-size format for beds and oversized lounging makes it a practical layer for relaxing, sleeping, decorating, or gifting.

<!-- saranoni-supplier-copy -->
Bamboni Twin: Stretchy-soft bliss meets “just the right size” for your little’s bedtime snuggles! Made with a unique blend of rayon from bamboo and poly microfiber, this bedding is breathable, touchable and luxurious for years to come!"
"SAR-BATMAN-DBL-LAYER-BMB","The Batman™ Double-Layer Bamboni® Blanket combines Batman™ artwork with premium Saranoni construction. Two layers of saranoni’s light, stretchy bamboni® fabric create breathable warmth with a soft drape. It adds character-inspired style while keeping the soft, comforting feel expected from Saranoni.

<!-- saranoni-supplier-copy -->
Fight crime—or just stay cozy—with the Batman™ Blanket, inspired by Gotham’s legendary protector. Featuring Saranoni’s signature Double-Layer Bamboni®. It’s a cozy must-have for Batman™ fans of all ages! Wash on cold with like colors, hang or lay flat to dry."
"SAR-BATMAN-MNKY-LUSH","The Batman™ Minky/Lush Blanket combines Batman™ artwork with premium Saranoni construction. One side features saranoni’s buttery-soft lush fabric while the reverse uses silky printed minky for a smooth, dual-texture finish. It adds character-inspired style while keeping the soft, comforting feel expected from Saranoni.

<!-- saranoni-supplier-copy -->
Fight crime—or just stay cozy—with the Batman™ Blanket, inspired by Gotham’s legendary protector. Featuring Saranoni’s signature Minky and Lush fabrics, this dual-textured blanket combines crime-fighting style with luxury comfort. It’s a cozy must-have for Batman™ fans of all ages! Wash on cold with like colors, hang or lay flat to dry."
"SAR-BMB-HATS","The Bamboni® Hat brings Saranoni’s signature cloud-like softness to a cozy cold-weather essential. Its flexible knit feels warm without the scratchiness of traditional wool, making it comfortable for everyday wear.

<!-- saranoni-supplier-copy -->
Bamboni® Hats - Cold weather veterans know–a warm hat is essential to surviving the cold season! Our warm hats just happen to also be stretchy-soft, super-cozy and adorable, no scratchy wool here!!"
"SAR-BMB-SETS","The Bamboni® Set turns Saranoni’s breathable blanket fabric into coordinated loungewear. The soft, flexible knit drapes comfortably and gives you lightweight warmth for relaxing at home.

<!-- saranoni-supplier-copy -->
Saranoni’s breathable comfort meets the ultimate loungewear for a snuggler’s dream come true! Designed with our fan-favorite Bamboni ® fabric, Saranoni sets are the perfect way to kick back and enjoy some luxury–Saranoni style with buttery 100% polyester fabric, durable stretch and beautiful colors to fit your favorite cozy aesthetic! Available in Small, Medium and Large sizes! Wash on cold, and hang dry for best results!

 Model in Charcoal is wearing a Large

 Model in Taupe is wearing a Medium

 Description
 S
 M
 L

 TOP

 Width
 20.9 inches
 22.0 inches
 23.2 inches

 Sleeve Length
 20.5 inches
 21.0 inches
 21.65 inches

 Length
 22.85 inches
 24.0 inches
 25.2 inches

 PANT

 Total Length
 36.8 inches
 37.8 inches
 38.8inches

 Waist
 28.4 inches
 30.0 inches
 31.4 inches

 Hip
 37.0 inches
 38.6 inches
 40.2 inches"
"SAR-BMB-SNUGGLER","The Bamboni® Snuggler combines a roomy blanket-hoodie shape with plush Saranoni comfort. Bamboni® fabric keeps the feel light, breathable, and stretchy.

<!-- saranoni-supplier-copy -->
The oversized hoodie of your dreams meets the Saranoni blanket you hate taking off! Complete with toasty pockets, a cozy hood, this ultra-soft cloud like Bamboni® Saranoni Snuggler is just like wearing your favorite Saranoni blanket turned hoodie! Available in one size. 

 Adult: 36 inches long x 32.5 inches wide"
"SAR-BMB-SOCKS","Bamboni® Socks wrap feet in the same light, stretchy softness found in Saranoni’s Bamboni® blankets. They are designed for relaxed lounging and easy warmth without a heavy feel.

<!-- saranoni-supplier-copy -->
Bamboni® Socks - Stretchy-soft comfort from head to toe is now a reality for snugglers everywhere! Our Saranoni Bamboni® socks are the perfect pick me up on cold days, rainy days, and every day in between!"
"SAR-BMB-TOD","The Bamboni® Toddler Blanket is designed for indulgent everyday comfort. Saranoni’s cloud-like bamboni® blend feels light, breathable, stretchy, and exceptionally soft. Its toddler size for naps, bedtime, and travel makes it a practical layer for relaxing, sleeping, decorating, or gifting.

<!-- saranoni-supplier-copy -->
Wrapping up in the softness of our Bamboni ® blanket will bring you comfort and warmth. Made from only exceptional quality material ensures incredible softness and a blanket that lasts for years. All Saranoni blankets represent the work of individuals uniting to create something special for you. Saranoni Luxury Blankets - Feeling is Believing ® .

• Bamboo + Saranoni = Bamboni ® . These cloud-like blankets are made from bamboo fibers that are converted to rayon to create a soft, fluffy and breathable blanket that is sure to bring warmth and comfort to your home.
• Incredibly Breathable: 80% poly microfiber and 20% rayon from bamboo.
• Feel: Super soft, cuddly and lightweight. Feeling is Believing ® .
• High-quality construction: Every aspect is considered from the thread to the dye, from the factory to the family who receives this blanket.
• Size: Toddler 40"" x 60"" - Great travel blanket, perfect for ages 3 to 11."
"SAR-BMB-TWIN","The Bamboni® Twin Blanket is designed for indulgent everyday comfort. Saranoni’s cloud-like bamboni® blend feels light, breathable, stretchy, and exceptionally soft. Its twin-size format for beds and oversized lounging makes it a practical layer for relaxing, sleeping, decorating, or gifting.

<!-- saranoni-supplier-copy -->
Bamboni Twin: Stretchy-soft bliss meets “just the right size” for your little’s bedtime snuggles! Made with a unique blend of rayon from bamboo and poly microfiber, this bedding is breathable, touchable and luxurious for years to come!"
"SAR-BMBU-RYN-MSLN-4-LAYER","The Bamboo Rayon Muslin 4-Layer Quilt is designed for indulgent everyday comfort. Four airy layers of bamboo-rayon muslin create breathable softness with a cozy quilted feel. Its versatile everyday size makes it a practical layer for relaxing, sleeping, decorating, or gifting.

<!-- saranoni-supplier-copy -->
What could be better than our original airy and oh-so-soft muslin fabric? Times it by four! The soft and supple muslin fabric made from bamboo is now layered into this four-layer muslin quilt. Perfect for those muslin-lovers that want a little something extra. Available in a variety of our custom-made prints, detailed with a stitched quilted design and then bound with a one-inch border; this blanket is sure to become a favorite snuggle companion everywhere you go.

• Luxuriously Soft: 70% rayon from Bamboo, 30% cotton to ensure incredible softness and comfort.
• Feel: Every quilt is beautifully quilted and bound with a border to ensure your blanket will last for years.

• High quality construction: Every aspect is considered from the thread to the dye, from the factory to the family who receives this muslin.
• 4 Layers: 4x the thickness = 4x the softness. Our same soft, breathable fabric reinforced with three additional layers.
• Size: Generously Sized at 47"" x 47"""
"SAR-BMBU-RYN-MSLN-PILLOWCA","The Bamboo Rayon Muslin Pillowcase Set adds Saranoni softness and texture to a bed, chair, or sofa. Made with lightweight, breathable bamboo-rayon muslin, it coordinates with the matching blanket collection while giving existing pillows a polished, comfortable update.

<!-- saranoni-supplier-copy -->
For years, your little ones have enjoyed the luxurious softness of our rayon from bamboo muslin blankets. The silky softness, durability and breathability are unmatched by any blanket. Now, with new stylish designs and Saranoni quality, this beautiful fabric is available in a pillowcase set. They are a perfect way to add comfort and style to any bed.

• Luxuriously Soft: 70% rayon from Bamboo, 30% cotton to ensure incredible softness and comfort.
• Feel: Every quilt is beautifully quilted and bound with a border to ensure your blanket will last for years.

• High quality construction: Every aspect is considered from the thread to the dye, from the factory to the family who receives this muslin.
• 4 Layers: 4x the thickness = 4x the softness. Our same soft, breathable fabric reinforced with three additional layers.
• Size: Queen/King Pillowcase Set 20"" x 36"" - comes with 2 pillowcases"
"SAR-BMBU-RYN-MSLN-QUEEN-KING","The Bamboo Rayon Muslin Queen/King 4-Layer Quilt is designed for indulgent everyday comfort. Four airy layers of bamboo-rayon muslin create breathable softness with a cozy quilted feel. Its queen/king format for generously layered bedding makes it a practical layer for relaxing, sleeping, decorating, or gifting.

<!-- saranoni-supplier-copy -->
For years, your little ones have enjoyed the luxurious softness of our rayon from bamboo muslin blankets. The silky softness, durability and breathability are unmatched by any blanket. Now, with new stylish designs and Saranoni quality, this oversized quilt is perfect for adults. This is a blanket for all seasons. It is perfect for cuddling, or as an accent on the bed.

• Luxuriously Soft: 70% rayon from Bamboo, 30% cotton to ensure incredible softness and comfort.
• Feel: Every quilt is beautifully quilted and bound with a border to ensure your blanket will last for years.

• High quality construction: Every aspect is considered from the thread to the dye, from the factory to the family who receives this muslin.
• 4 Layers: 4x the thickness = 4x the softness. Our same soft, breathable fabric reinforced with three additional layers.
• Size: Queen/King 82"" x 96"" - Fits best on a Queen bed but is still a great blanket for a King bed. Fits a Queen bed with 11"" overhang on each side and 16"" overhang on the bottom. Can also be used on a King sized bed with 3"" overhang on each side and 16"" overhang on the bottom."
"SAR-BMBU-RYN-MSLN-XL-LG-4","The Bamboo Rayon Muslin XL 4-Layer Quilt is designed for indulgent everyday comfort. Four airy layers of bamboo-rayon muslin create breathable softness with a cozy quilted feel. Its oversized XL format for couch, bed, and full-body snuggling makes it a practical layer for relaxing, sleeping, decorating, or gifting.

<!-- saranoni-supplier-copy -->
What could be better than our original airy and oh-so-soft muslin fabric? Times it by four! The soft and supple muslin fabric made from bamboo is now layered into this four-layer muslin quilt. Perfect for those muslin-lovers that want a little something extra. Available in a variety of our custom-made prints, detailed with a stitched quilted design and then bound with a one-inch border; this blanket is sure to become a favorite snuggle companion everywhere you go. 

• Luxuriously Soft: 70% rayon from Bamboo, 30% cotton to ensure incredible softness and comfort.
• Feel: Every quilt is beautifully quilted and bound with a border to ensure your blanket will last for years.

• High quality construction: Every aspect is considered from the thread to the dye, from the factory to the family who receives this muslin.
• 4 Layers: 4x the thickness = 4x the softness. Our same soft, breathable fabric reinforced with three additional layers.
• Size: Extra Large 60"" x 80"""
"SAR-BOY-WHO-LIVED-DBL-LAYER","The The Boy Who Lived Double-Layer Bamboni® Blanket combines The Boy Who Lived artwork with premium Saranoni construction. Two layers of saranoni’s light, stretchy bamboni® fabric create breathable warmth with a soft drape. It adds character-inspired style while keeping the soft, comforting feel expected from Saranoni.

<!-- saranoni-supplier-copy -->
The Boy Who Lived™ -Double Layer Bamboni: Harry’s tell-tale scar, and signature spectacles are featured on Saranoni’s double layer as a timeless, reversible cream and charcoal print!"
"SAR-CHNK-KNT-LG","The Chunky Knit Large Throw Blanket is designed for indulgent everyday comfort. A substantial 100% chenille knit gives this blanket comforting weight while maintaining a soft, decorative texture. Its throw size for sofas, chairs, and everyday lounging makes it a practical layer for relaxing, sleeping, decorating, or gifting.

<!-- saranoni-supplier-copy -->
Chunky Knit is the perfect combination of style and comfort. It makes for a beautiful throw on a couch or bed but is soft enough to snuggle up in.

• Luxuriously Soft: 100% poly microfiber to ensure incredible softness and comfort.
• Comfort: Find emotional and physical comfort by wrapping yourself in this luxury blanket.
• Feel: Super soft, comfy and cuddly, with hearty durable construction. Feeling is Believing.
• High quality construction: Every aspect is considered from the thread to the dye, from the factory to the family who receives this blanket.
• Size: Large Throw 54"" x 72"""
"SAR-COTTON-MSLN-4-LAYER","The Cotton Muslin 4-Layer Quilt is designed for indulgent everyday comfort. Four layers of 100% cotton muslin provide breathable comfort and a softly quilted finish. Its versatile everyday size makes it a practical layer for relaxing, sleeping, decorating, or gifting.

<!-- saranoni-supplier-copy -->
A durable, yet soft boutique-quality fabric combination that is created to last. These complimentary patterns have two additional muslin/cotton layers between them making them thicker, warmer and more structured yet still airy, breathable and Saranoni soft. We like to consider this the perfect next step when your baby has outgrown their  swaddle set; giving you both patterns in one blanket. The 47"" x 47"" size will give your little one plenty of coverage as they grow.

• Luxuriously Soft: 100% cotton to ensure incredible durability and comfort.
• Feel: Every quilt is beautifully quilted and bound with a border to ensure your blanket will last for years.
• High quality construction: Every aspect is considered from the thread to the dye, from the factory to the family who receives this muslin.
• 4 Layers: 4x the thickness = 4x the softness. Our same soft, breathable fabric reinforced with three additional layers.
• Size: Generously Sized at 47"" x 47""

 Pair this quilt with matching crib sheets, changing pad, and 2-pack swaddle blankets."
"SAR-COZY-BMB-ROBES","The Cozy Bamboni® Robe brings Saranoni’s Bamboni® comfort into an easy layer for slow mornings and relaxed evenings. It is designed with cloud-soft, breathable warmth, creating a wearable piece that feels polished while staying exceptionally cozy.

<!-- saranoni-supplier-copy -->
Perfect for chilly mornings or cozy evenings! This luxuriously soft Bamboni ® Robe is the ultimate lounging accessory. Our cloud-like fabric is made from bamboo fibers that are converted to rayon to create a soft, fluffy and breathable bathrobe that is sure to bring warmth and comfort. Available in French Rose, Gray, Ivory, or Taupe you can find one that suits your style, or send it as a gift to a loved one. Ideal for men and women, this unisex bathrobe features a full-length design and a classic look for the utmost in style and comfort."
"SAR-DBL-LAYER-BMB-TOD","The Double-Layer Bamboni® Toddler Blanket is designed for indulgent everyday comfort. Two layers of saranoni’s light, stretchy bamboni® fabric create breathable warmth with a soft drape. Its toddler size for naps, bedtime, and travel makes it a practical layer for relaxing, sleeping, decorating, or gifting.

<!-- saranoni-supplier-copy -->
Envelop yourself in warmth and softness with this Bamboni ® blanket. The breathable and stretchy fabric is sure to soothe your little one. And the Toddler to Teen size ensures that as your baby grows, so can the blanket. Find comfort and connection with the help of this luxurious throw from Saranoni.

• Bamboo + Saranoni = Bamboni ® . These cloud-like blankets are made from bamboo fibers that are converted to rayon to create a soft, fluffy and breathable blanket that is sure to bring warmth and comfort to your home.
• Incredibly Breathable: 80% poly microfiber and 20% rayon from bamboo.
• Feel: Super soft, cuddly and lightweight. Feeling is Believing ® .
• High-quality construction: Every aspect is considered from the thread to the dye, from the factory to the family who receives this blanket.
• Size: Toddler 40"" x 60"" - Great travel blanket, perfect for ages 3 to 11."
"SAR-DBL-RCH-FX-FUR","The Double Ruched Faux Fur Throw Blanket is designed for indulgent everyday comfort. A rippled ruched lush surface is paired with silky minky on the reverse, creating an indulgent blanket with two distinct textures. Its throw size for sofas, chairs, and everyday lounging makes it a practical layer for relaxing, sleeping, decorating, or gifting.

<!-- saranoni-supplier-copy -->
Our Double Ruched throws feature our best-selling faux fur on both sides with ruched detail in a ripple effect that creates a soft textured feel. Put that all together and you have one irresistible-to-the-touch blanket to snuggle up with all year long. The luxurious blanket is sure to be loved by all.

• Luxuriously Soft: 100% poly microfiber to ensure incredible softness and comfort.
• Comfort: Find emotional and physical comfort by wrapping yourself in this luxury blanket.
• Feel: Super soft, comfy, fluffy, cuddly with hearty durable construction. Feeling is Believing.
• High quality construction: Every aspect is considered from the thread to the dye, from the factory to the family who receives this blanket.
• Size: Throw 50"" x 60"""
"SAR-DBL-RCH-FX-FUR-XL-LG","The Double Ruched Faux Fur XL Throw Blanket is designed for indulgent everyday comfort. A rippled ruched lush surface is paired with silky minky on the reverse, creating an indulgent blanket with two distinct textures. Its oversized XL format for couch, bed, and full-body snuggling makes it a practical layer for relaxing, sleeping, decorating, or gifting.

<!-- saranoni-supplier-copy -->
Our Double Ruched XL throws feature our best-selling faux fur on both sides with ruched detail in a ripple effect that creates a soft textured feel. Put that all together and you have one irresistible-to-the-touch blanket to snuggle up with all year long. The luxurious blanket is sure to be loved by all.

• Luxuriously Soft: 100% poly microfiber to ensure incredible softness and comfort.
• Comfort: Find emotional and physical comfort by wrapping yourself in this luxury blanket.
• Feel: Super soft, comfy, fluffy, cuddly with hearty durable construction. Feeling is Believing.
• High quality construction: Every aspect is considered from the thread to the dye, from the factory to the family who receives this blanket.
• Size: XL 60""x80"""
"SAR-ELF-SNUGGLER","The ELF™ Snuggler combines a roomy blanket-hoodie shape with plush fabric and a character-inspired design. The oversized wearable design is made for curling up, relaxing, and staying warm hands-free.

<!-- saranoni-supplier-copy -->
The oversized hoodie of your dreams meets the Saranoni blanket you hate taking off! Complete with toasty pockets, a richly lined interior and a cozy lined hood, this ultra-soft faux fur Saranoni Snuggler is just like wearing your favorite Saranoni blanket turned hoodie! Available in youth, teen and adult sizes, because we get it–the family that snuggles together, stays together!

 Youth: 28 inches long x 30 inches wide

 Teen: 31.5 inches long x 32 inches wide

 Adult: 38 inches long x 35 inches wide"
"SAR-FX-FUR-PILLOWCA","The Faux Fur Pillowcase adds Saranoni softness and texture to a bed, chair, or sofa. Made with soft 100% polyester faux fur, it coordinates with the matching blanket collection while giving existing pillows a polished, comfortable update.

<!-- saranoni-supplier-copy -->
Our Faux Fur is the pillowcase that everyone will love to snuggle up in.

• Luxuriously Soft: 100% lush poly microfiber to ensure incredible softness and comfort.
• Comfort: Find emotional and physical comfort by wrapping yourself in this luxury blanket.
• Feel: Super soft, comfy, fluffy, cuddly with hearty durable construction. Feeling is Believing.
• High quality construction: Every aspect is considered from the thread to the dye, from the factory to the family who receives this blanket.
• Size: Queen Pillowcase Set 20""x 36"", King Pillowcase Set 20""x40""- comes with 2 pillowcases"
"SAR-FX-FUR-TWIN","The Faux Fur Twin Blanket is designed for indulgent everyday comfort. Soft 100% polyester faux fur creates rich texture, cozy warmth, and a smooth drape designed for everyday comfort. Its twin-size format for beds and oversized lounging makes it a practical layer for relaxing, sleeping, decorating, or gifting.

<!-- saranoni-supplier-copy -->
Faux Fur Twin: Bedtime routine just got THAT much softer! Our luscious, faux fur blankets are made to hug you back with gentle texture, a comforting weight and a generous sleek drape."
"SAR-GRAND-FX-FUR","The Grand Faux Fur Throw Blanket is designed for indulgent everyday comfort. Saranoni’s exceptionally plush grand faux fur delivers deep softness, rich texture, and statement-making comfort. Its throw size for sofas, chairs, and everyday lounging makes it a practical layer for relaxing, sleeping, decorating, or gifting.

<!-- saranoni-supplier-copy -->
Experience the height of luxury with our Grand Faux Fur Collection. Inspired by classic, high-end design, each piece brings an inspired sophistication to your space. Available in six stunning styles—Arctic Hare, Fawn, Chinchilla, Timberwolf, Midnight Plaid, and Truffle Plaid—this collection includes plush Blankets, elegant Tree Skirts, and coordinating Stockings. Designed to be both statement pieces and timeless heirlooms, each item transforms your home into a haven of comfort and style."
"SAR-GRAND-FX-FUR-12X20","The Grand Faux Fur 12"" x 20"" Pillow Cover adds Saranoni softness and texture to a bed, chair, or sofa. Made with exceptionally plush faux fur, it coordinates with the matching blanket collection while giving existing pillows a polished, comfortable update.

<!-- saranoni-supplier-copy -->
Grand Faux Fur 12x20 Pillow Covers - Our Grand Faux Fur Pillow Covers are created with top-quality materials and the result is a luxuriously dense, yet breathable fabric perfect for sensitive skin, and of course, snuggles!"
"SAR-GRAND-FX-FUR-2-PACK-EURO","The Grand Faux Fur 2-Pack Euro Pillow Cover Set adds Saranoni softness and texture to a bed, chair, or sofa. Made with exceptionally plush faux fur, it coordinates with the matching blanket collection while giving existing pillows a polished, comfortable update.

<!-- saranoni-supplier-copy -->
Grand Faux Fur 2-Pack European Pillow Covers - When in doubt, it’s pillows, pillows, pillows! Our two-pack European Pillow covers are the perfect way to add class and comfort to your space in one fell swoop! Our Grand Faux Fur Pillow Covers are made with custom knit fabric making them cozily functional as well as stylish!"
"SAR-GRAND-FX-FUR-KING","The Grand Faux Fur King Blanket is designed for indulgent everyday comfort. Saranoni’s exceptionally plush grand faux fur delivers deep softness, rich texture, and statement-making comfort. Its king-size format for layered bedding makes it a practical layer for relaxing, sleeping, decorating, or gifting.

<!-- saranoni-supplier-copy -->
Knit from the finest materials, this blanket   is sure to be an amazing accent to any bed or living space. With unmatched softness, prepare to melt away into the softest blanket you’ve ever felt. Our hand-picked, custom knit, proprietary fabric is silkier than ever. The Saranoni Grand delivers double-sided comfort and luxury like you’ve never felt before. We’ve heard you and designed an amazing, oversized blanket perfect for any bedding needs. Both King and Queen sizes provide total coverage with a 16-inch drop to cover the sides of even the largest mattresses. This unique, faux fur fiber is durable and will be your favorite piece of bedding for years to come.

• Luxuriously Soft: 100% poly microfiber to ensure incredible softness and comfort.
• Comfort: Find emotional and physical comfort by wrapping yourself in this luxury blanket.
• Feel: Super soft, comfy, fluffy, cuddly with hearty durable construction. Feeling is Believing.
• High quality construction: Every aspect is considered from the thread to the dye, from the factory to the family who receives this blanket.
• Size: King 104"" x 88.5"""
"SAR-GRAND-FX-FUR-QUEEN","The Grand Faux Fur Queen Blanket is designed for indulgent everyday comfort. Saranoni’s exceptionally plush grand faux fur delivers deep softness, rich texture, and statement-making comfort. Its queen-size format for layered bedding makes it a practical layer for relaxing, sleeping, decorating, or gifting.

<!-- saranoni-supplier-copy -->
Knit from the finest materials, this blanket   is sure to be an amazing accent to any bed or living space. With unmatched softness, prepare to melt away into the softest blanket you’ve ever felt. Our hand-picked, custom knit, proprietary fabric is silkier than ever. The Saranoni Grand delivers double-sided comfort and luxury like you’ve never felt before. We’ve heard you and designed an amazing, oversized blanket perfect for any bedding needs. Both King and Queen sizes provide total coverage to cover the sides of even the largest mattresses. This unique, faux fur fiber is durable and will be your favorite piece of bedding for years to come.

• Luxuriously Soft: 100% poly microfiber to ensure incredible softness and comfort.
• Comfort: Find emotional and physical comfort by wrapping yourself in this luxury blanket.
• Feel: Super soft, comfy, fluffy, cuddly with hearty durable construction. Feeling is Believing.
• High quality construction: Every aspect is considered from the thread to the dye, from the factory to the family who receives this blanket.
• Size: Queen 88"" x 70"""
"SAR-GRAND-FX-FUR-XL-LG","The Grand Faux Fur XL Throw Blanket is designed for indulgent everyday comfort. Saranoni’s exceptionally plush grand faux fur delivers deep softness, rich texture, and statement-making comfort. Its oversized XL format for couch, bed, and full-body snuggling makes it a practical layer for relaxing, sleeping, decorating, or gifting.

<!-- saranoni-supplier-copy -->
Experience the height of luxury with our Grand Faux Fur Collection. Inspired by classic, high-end design, each piece brings an inspired sophistication to your space. Available in six stunning styles—Arctic Hare, Fawn, Chinchilla, Timberwolf, Midnight Plaid, and Truffle Plaid—this collection includes plush Blankets, elegant Tree Skirts, and coordinating Stockings. Designed to be both statement pieces and timeless heirlooms, each item transforms your home into a haven of comfort and style."
"SAR-HEIRLOOM-COTTON-KNT-SETS","The Heirloom Cotton Knit Set pairs timeless styling with breathable cotton comfort. Soft knit construction, relaxed shaping, and refined details make it suitable for everyday wear or special occasions.

<!-- saranoni-supplier-copy -->
The best of cotton! These heirloom quality, 100% cloud-soft cotton sets are the perfect elevated comfort staple. Breathable waistbands, loosely fitted sleeves and elevated button details create a timeless, comfortable look for your child!"
"SAR-HOGWARTS-CREST-DBL-LAYER","The Hogwarts™ Crest Double-Layer Bamboni® Blanket combines Hogwarts™ artwork with premium Saranoni construction. Two layers of saranoni’s light, stretchy bamboni® fabric create breathable warmth with a soft drape. It adds character-inspired style while keeping the soft, comforting feel expected from Saranoni.

<!-- saranoni-supplier-copy -->
Hogwarts™ Crest -Double Layer Bamboni®: The softest way to rep your favorite school of witchcraft and wizardry! This plush, reversible blanket is created with Saranoni’s Double Layer Bamboni®, and features the iconic Hogwarts™ Crest and each of the 4 houses!"
"SAR-HP-HP-ICONS-MNKY-LUSH","The Harry Potter™ Icons Minky/Lush Blanket combines Harry Potter™ artwork with premium Saranoni construction. One side features saranoni’s buttery-soft lush fabric while the reverse uses silky printed minky for a smooth, dual-texture finish. It adds character-inspired style while keeping the soft, comforting feel expected from Saranoni.

<!-- saranoni-supplier-copy -->
Harry Potter™ Icons-Minky/Lush: Harry Potter™ Icons: Your solution to that just post match chill. Featuring, for the first time ever, two signature luxury fabrics—Minky and Lush!"
"SAR-HP-HP-MSLN-NRS","The Harry Potter™ Muslin Nursery Collection combines Harry Potter™ artwork with premium Saranoni construction. Saranoni’s original 100% polymicrofiber lush fabric delivers a velvety, buttery-soft feel with comforting warmth. It adds character-inspired style while keeping the soft, comforting feel expected from Saranoni.

<!-- saranoni-supplier-copy -->
Wrap your little one in something truly magical. Our Harry Potter™ Muslin Nursery Collection brings together the softness you love from Saranoni with a touch of timeless wonder. Thoughtfully designed to create meaningful, everyday moments, each piece has been thoughtfully designed and feels as special as it looks. Choose from three styles, Potions & Charms, Herbology, and Hedwig. Whether you’re swaddling a newborn, making up the crib, or on the go, every piece is designed to bring ease, beauty, and a little bit of magic into your routine.

 Available in:

• Swaddle
• Crib Sheet
• Changing Cover
• Muslin/Lush Mini
• Muslin/Lush 47x47 Blanket"
"SAR-JL-JL-MSLN-LUSH","The Justice League™ Muslin/Lush Blanket combines Justice League™ artwork with premium Saranoni construction. Lightweight printed muslin is paired with plush lush fabric, balancing breathable comfort with cozy softness. It adds character-inspired style while keeping the soft, comforting feel expected from Saranoni.

<!-- saranoni-supplier-copy -->
When the world needs comfort, the Justice League™ joins forces to answer the call! Featuring buttery Muslin and our signature sleek Lush, this blanket showcases all your favorite heroes in Saranoni’s signature luxurious style. Wash on cold with like colors, hang or lay flat to dry."
"SAR-JL-JL-SNUGGLER","The Justice League™ Snuggler combines a roomy blanket-hoodie shape with plush fabric and a character-inspired design. The oversized wearable design is made for curling up, relaxing, and staying warm hands-free.

<!-- saranoni-supplier-copy -->
The oversized hoodie of your dreams meets the Saranoni blanket you hate taking off! Complete with toasty pockets, a richly lined interior and a cozy lined hood, this ultra-soft faux fur Justice League™ x Saranoni Snuggler is just like wearing your favorite Saranoni blanket turned hoodie! Available in youth, teen and adult sizes, because we get it–the family that snuggles together, stays together!

 Youth: 28 inches long x 30 inches wide

 Teen: 31.5 inches long x 32 inches wide

 Adult: 38 inches long x 35 inches wide"
"SAR-LUSH","The Lush Throw Blanket is designed for indulgent everyday comfort. Saranoni’s original 100% polymicrofiber lush fabric delivers a velvety, buttery-soft feel with comforting warmth. Its throw size for sofas, chairs, and everyday lounging makes it a practical layer for relaxing, sleeping, decorating, or gifting.

<!-- saranoni-supplier-copy -->
Indulge in the perfect balance of luxury and comfort with the Lush Home Throw and XL Throw Blanket—a statement piece designed to elevate your home. Crafted from the finest, buttery-soft fabric, this throw blanket offers an irresistibly smooth feel that invites you to sink in and relax. A beautiful sewn-in border adds a refined finish, making it a seamless addition to any space.

 Designed with timeless style in mind, this throw blanket comes in a curated palette that blends effortlessly into your home decor. Whether draped over a sofa, layered at the foot of your bed, or styled as an accent piece, this throw blanket brings warmth and luxury to every room, because true comfort should never compromise on style."
"SAR-LUSH-MINI","The Lush Mini Blanket is designed for indulgent everyday comfort. Saranoni’s original 100% polymicrofiber lush fabric delivers a velvety, buttery-soft feel with comforting warmth. Its compact mini size for little hands and on-the-go comfort makes it a practical layer for relaxing, sleeping, decorating, or gifting.

<!-- saranoni-supplier-copy -->
The ultimate in on-the-go comfort, this security baby blanket is perfect for little hands to grasp. Saranoni mini blankets go beyond just a baby blanket. Made with our signature lush fabric means it is made with the highest quality construction and its softness is unmatched. Every aspect is considered from the thread to the dye. You will love that the mini blanket is the perfect size to cover a tiny new baby but as your baby grows, will become a favorite for taking along in the carseat, stroller or keeping in the diaper bag as a lovey to go with you no matter where you go.

• Luxuriously Soft: 100% poly microfiber to ensure incredible softness and comfort.
• Comfort: Find emotional and physical comfort by wrapping yourself in this luxury blanket.
• Feel: Super soft, comfy, fluffy, cuddly with hearty durable construction. Feeling is Believing.
• High quality construction: Every aspect is considered from the thread to the dye, from the factory to the family who receives this blanket.
• Size: Mini 15""x20""-Perfect carseat size or to use as a lovey."
"SAR-LUSH-RCV","The Lush Receiving Blanket is designed for indulgent everyday comfort. Saranoni’s original 100% polymicrofiber lush fabric delivers a velvety, buttery-soft feel with comforting warmth. Its generous receiving size for cuddling, stroller use, and nursery routines makes it a practical layer for relaxing, sleeping, decorating, or gifting.

<!-- saranoni-supplier-copy -->
Available in all sizes, this buttery soft texture can be enjoyed by all ages. Feel the comfort and rich warmth for yourself, or wrap your little ones in a warm soothing blanket. Made from only the highest quality materials, this blanket will be a fixture in your home for years to come. Saranoni Luxury Blankets. Feeling is believing.

• Luxuriously Soft: 100% lush poly microfiber to ensure incredible softness and comfort.
• Comfort: Find emotional and physical comfort by wrapping yourself in this luxury blanket.
• Feel: Super soft, comfy, fluffy, cuddly with hearty durable construction. Feeling is Believing.
• High quality construction: Every aspect is considered from the thread to the dye, from the factory to the family who receives this blanket.
• Size: Receiving 30"" x 40"" - Large enough for babies and infants in their first several years."
"SAR-LUSH-TOD","The Lush Toddler Blanket is designed for indulgent everyday comfort. Saranoni’s original 100% polymicrofiber lush fabric delivers a velvety, buttery-soft feel with comforting warmth. Its toddler size for naps, bedtime, and travel makes it a practical layer for relaxing, sleeping, decorating, or gifting.

<!-- saranoni-supplier-copy -->
This buttery soft texture can be enjoyed by all ages. Feel the comfort and rich warmth for yourself, or wrap your little ones in a warm soothing blanket. Made from only the highest quality materials, this blanket will be a fixture in your home for years to come. Saranoni Luxury Blankets. Feeling is believing.

• Luxuriously Soft: 100% lush poly microfiber to ensure incredible softness and comfort.
• Comfort: Find emotional and physical comfort by wrapping yourself in this luxury blanket.
• Feel: Super soft, comfy, fluffy, cuddly with hearty durable construction. Feeling is Believing.
• High-quality construction: Every aspect is considered from the thread to the dye, from the factory to the family who receives this blanket.
• Size: Toddler 40"" x 60"" - Great travel blanket, perfect for ages 3 to 11."
"SAR-LUSH-XL-LG","The Lush XL Blanket is designed for indulgent everyday comfort. Saranoni’s original 100% polymicrofiber lush fabric delivers a velvety, buttery-soft feel with comforting warmth. Its oversized XL format for couch, bed, and full-body snuggling makes it a practical layer for relaxing, sleeping, decorating, or gifting.

<!-- saranoni-supplier-copy -->
Available in all sizes, this buttery soft texture can be enjoyed by all ages. Feel the comfort and rich warmth for yourself, or wrap your little ones in a warm soothing blanket. Made from only the highest quality materials, this blanket will be a fixture in your home for years to come. Saranoni Luxury Blankets. Feeling is believing.

• Luxuriously Soft: 100% lush poly microfiber to ensure incredible softness and comfort.
• Comfort: Find emotional and physical comfort by wrapping yourself in this luxury blanket.
• Feel: Super soft, comfy, fluffy, cuddly with hearty durable construction. Feeling is Believing.
• High quality construction: Every aspect is considered from the thread to the dye, from the factory to the family who receives this blanket.
• Size: Extra Large 60"" x 80"" - Large enough to cover the entire surface of a queen sized bed!"
"SAR-MNKY-LUSH","The Minky/Lush Throw Blanket is designed for indulgent everyday comfort. One side features saranoni’s buttery-soft lush fabric while the reverse uses silky printed minky for a smooth, dual-texture finish. Its throw size for sofas, chairs, and everyday lounging makes it a practical layer for relaxing, sleeping, decorating, or gifting.

<!-- saranoni-supplier-copy -->
Bows: Saranoni soft—all tied up in a ballet-worthy bow! Enjoy this uniquely dual-textured blanket featuring Saranoni’s original lush on one side, and printed minky on the other. 

 Dog: Man’s best friend meets man’s favorite blanket! This whimsical minky/lush print features Saranoni’s original lush on one side, and printed minky (featuring a variety of pups!) on the other."
"SAR-MNKY-LUSH-TOD","The Minky/Lush Toddler Blanket is designed for indulgent everyday comfort. One side features saranoni’s buttery-soft lush fabric while the reverse uses silky printed minky for a smooth, dual-texture finish. Its toddler size for naps, bedtime, and travel makes it a practical layer for relaxing, sleeping, decorating, or gifting.

<!-- saranoni-supplier-copy -->
Bows: Saranoni soft—all tied up in a ballet-worthy bow! Enjoy this uniquely dual-textured blanket featuring Saranoni’s original lush on one side, and printed minky on the other. 

 Dog: Man’s best friend meets man’s favorite blanket! This whimsical minky/lush print features Saranoni’s original lush on one side, and printed minky (featuring a variety of pups!) on the other."
"SAR-MNKY-LUSH-XL-LG","The Minky/Lush XL Blanket is designed for indulgent everyday comfort. One side features saranoni’s buttery-soft lush fabric while the reverse uses silky printed minky for a smooth, dual-texture finish. Its oversized XL format for couch, bed, and full-body snuggling makes it a practical layer for relaxing, sleeping, decorating, or gifting.

<!-- saranoni-supplier-copy -->
Wrap yourself in pure indulgence with our ultimate Minky/Lush blanket, designed for those who crave unparalleled softness and comfort. One side features our original ultra-plush, buttery-soft Lush fabric that feels like a warm embrace, while the other boasts a silky-smooth printed minky with a timeless, elegant design.

 Whether you're curling up on the couch, adding a touch of luxury to your bedroom, or gifting someone special, this blanket is the perfect combination of cozy and chic. Experience the best of both worlds."
"SAR-MNKY-PLAY-MAT","The Minky Play Mat creates a soft, portable spot for floor play, tummy time, and everyday outings. Its quilted round design adds cushioned comfort while remaining easy to fold and carry.

<!-- saranoni-supplier-copy -->
Lay, play, repeat! We took the famous Minky fabric you know and love and added durable quilting in an “on the go” circle shape! Make it a part of your diaper bag dream team today! Wash on cold with like colors–hang or lay flat to dry."
"SAR-MNKY-STR","The Minky Stretch Throw Blanket is designed for indulgent everyday comfort. Soft printed minky offers flexible stretch, a lightweight drape, and durable comfort for relaxing at home or taking on the go. Its throw size for sofas, chairs, and everyday lounging makes it a practical layer for relaxing, sleeping, decorating, or gifting.

<!-- saranoni-supplier-copy -->
The adult-sized “swaddle” experience you’ve been waiting for! Buttery-soft meets built-in stretch for the wrappable, snuggle essential you’ll fall in love with."
"SAR-MNKY-STR-LUXE-ROBES","The Minky Stretch Luxe Robe brings Saranoni’s Minky Stretch Luxe comfort into an easy layer for slow mornings and relaxed evenings. It is designed with smooth stretch and lightweight softness, creating a wearable piece that feels polished while staying exceptionally cozy.

<!-- saranoni-supplier-copy -->
Introducing the Minky Stretch Luxe Robe—the perfect robe for everyday luxury. Made from the same irresistibly soft, silky-smooth fabric you know and love in our Minky Stretch Luxe Swaddles. This robe is perfect for spring mornings and year-round comfort. With just the right amount of stretch our Minky Stretch Luxe Robe moves with you and drapes like a dream. This robe delivers that signature buttery softness with a breathable feel you’ll want to live in."
"SAR-MNKY-STR-XL-LG","The Minky Stretch XL Throw Blanket is designed for indulgent everyday comfort. Soft printed minky offers flexible stretch, a lightweight drape, and durable comfort for relaxing at home or taking on the go. Its oversized XL format for couch, bed, and full-body snuggling makes it a practical layer for relaxing, sleeping, decorating, or gifting.

<!-- saranoni-supplier-copy -->
The adult-sized “swaddle” experience you’ve been waiting for! Buttery-soft meets built-in stretch for the wrappable, snuggle essential you’ll fall in love with."
"SAR-PLEATED-DUST-RUFFLE","The Pleated Dust Ruffle adds a clean, tailored finish beneath the crib while helping conceal under-crib storage. Its simple pleated design coordinates easily with soft nursery colors and patterned bedding.

<!-- saranoni-supplier-copy -->
Elevate your nursery with Saranoni’s Muslin Crib Skirt Dust Ruffle. Crafted from Saranoni’s signature “softer by the wash” muslin fabric, this lightweight layer brings an element of practical luxury. Designed with continuous pleats on all four sides, it creates a seamless, refined drape around a standard crib, offering a polished finish that complements any nursery aesthetic while blending class and comfort."
"SAR-PLSH-FX-FUR","The Plush Faux Fur Throw Blanket is designed for indulgent everyday comfort. Dense plush faux fur provides a warm, fluffy feel and a polished layer of texture for lounging or bedroom styling. Its throw size for sofas, chairs, and everyday lounging makes it a practical layer for relaxing, sleeping, decorating, or gifting.

<!-- saranoni-supplier-copy -->
Our Plush Faux Fur throws feature our best-selling faux fur on both sides with bubble detail that creates a soft textured feel. Put that all together and you have one irresistible-to-the-touch blanket to snuggle up with all year long. The luxurious blanket is sure to be loved by all."
"SAR-PTR-RBT-COTTON-MSLN-CRIB","The Peter Rabbit™ Cotton Muslin Crib Sheet combines a timeless licensed print with lightweight, breathable cotton muslin. The fabric feels gentle for sleep and grows softer with every wash.

<!-- saranoni-supplier-copy -->
Beatrix Potter’s magical world of Peter Rabbit™ meets Saranoni’s world class comfort for a charm-filled collaboration designed to elevate the essentials in your little one’s nursery. Make it easy, make it soft, make it Saranoni."
"SAR-PTRN-FX-FUR","The Patterned Faux Fur Throw Blanket is designed for indulgent everyday comfort. Smooth faux-fur-like lush fabric, a sewn-in border, and a fluid pattern create elegant texture with a soft, structured drape. Its throw size for sofas, chairs, and everyday lounging makes it a practical layer for relaxing, sleeping, decorating, or gifting.

<!-- saranoni-supplier-copy -->
The warmth of this Saranoni Throw Blanket delivers exceptional comfort. Each blanket has great weight and feels like a hug from a friend. Saranoni Luxury Blankets. Feeling is believing.

• Luxuriously Soft: 100% lush poly microfiber to ensure incredible softness and comfort.
• Comfort: Find emotional and physical comfort by wrapping yourself in this luxury blanket.
• Feel: Super soft, comfy, fluffy, cuddly with hearty durable construction. Feeling is Believing.
• High-quality construction: Every aspect is considered from the thread to the dye, from the factory to the family who receives this blanket.
• Size: Throw 50"" X 60"" - Perfectly sized to accent your finest furniture in any room of your home."
"SAR-PTRN-FX-FUR-XL-LG","The Patterned Faux Fur XL Throw Blanket is designed for indulgent everyday comfort. Smooth faux-fur-like lush fabric, a sewn-in border, and a fluid pattern create elegant texture with a soft, structured drape. Its oversized XL format for couch, bed, and full-body snuggling makes it a practical layer for relaxing, sleeping, decorating, or gifting.

<!-- saranoni-supplier-copy -->
Saranoni creates Boutique-Quality blankets made by hands we have personal relationships with. This Extra Large Throw blanket will transform your home's look with its luxurious style and design. Made from only the highest quality materials, this blanket will be a fixture in your home for years to come. Saranoni Luxury Blankets. Feeling is believing.

• Luxuriously Soft: 100% lush poly microfiber to ensure incredible softness and comfort.
• Comfort: Find emotional and physical comfort by wrapping yourself in this luxury blanket.
• Feel: Super soft, comfy, fluffy, cuddly with hearty durable construction. Feeling is Believing.
• High quality construction: Every aspect is considered from the thread to the dye, from the factory to the family who receives this blanket.
• Size: Extra Large 60"" x 80"" - Large enough to cover the entire surface of a queen sized bed!"
"SAR-RIBBED-BMB","The Ribbed Bamboni® Throw Blanket is designed for indulgent everyday comfort. Saranoni’s breathable bamboni® blend is finished with a ribbed texture that adds visual dimension without sacrificing stretch or softness. Its throw size for sofas, chairs, and everyday lounging makes it a practical layer for relaxing, sleeping, decorating, or gifting.

<!-- saranoni-supplier-copy -->
Create an environment of comfort and softness anywhere with this Ribbed Bamboni ® blanket. Whether thrown over a chair or snuggled in on the couch, this blanket enhances the look and feel of any room. Wrap yourself in luxury and warmth with this generously sized blanket.

• Incredibly Breathable: 100% poly microfiber
• Feel: Super soft, cuddly, and lightweight. Feeling is Believing ® .
• High quality construction: Every aspect is considered from the thread to the dye, from the factory to the family who receives this blanket.
• Size: Home Throw 50"" x 60"" great size to throw on the couch!"
"SAR-RIBBED-BMB-QUEEN-KING","The Ribbed Bamboni® Queen/King Blanket is designed for indulgent everyday comfort. Saranoni’s breathable bamboni® blend is finished with a ribbed texture that adds visual dimension without sacrificing stretch or softness. Its queen/king format for generously layered bedding makes it a practical layer for relaxing, sleeping, decorating, or gifting.

<!-- saranoni-supplier-copy -->
We love this Ribbed Bamboni ® Queen/King Blanket! The quality of the fabric and construction delivers a blanket that is immediately felt and appreciated. Treat yourself, or someone you know, with the gift of comfort that comes from a Saranoni Ribbed Bamboni ® blanket.

• Incredibly Breathable: 100% poly microfiber
• Feel: Super soft, cuddly and lightweight. Feeling is Believing ® .
• High-quality construction: Every aspect is considered from the thread to the dye, from the factory to the family who receives this blanket.
• Size: Queen/King 104"" x 70"" - Perfect for a King bed, with a 14 inch overhang on the sides and an 8.5 inch overhang on the bottom."
"SAR-RIBBED-BMB-XL-LG","The Ribbed Bamboni® XL Blanket is designed for indulgent everyday comfort. Saranoni’s breathable bamboni® blend is finished with a ribbed texture that adds visual dimension without sacrificing stretch or softness. Its oversized XL format for couch, bed, and full-body snuggling makes it a practical layer for relaxing, sleeping, decorating, or gifting.

<!-- saranoni-supplier-copy -->
We love this Ribbed Bamboni ® Extra Large Blanket! The quality of the fabric and construction delivers a blanket that is immediately felt and appreciated. Treat yourself, or someone you know, with the gift of comfort that comes from a Saranoni Ribbed Bamboni ® blanket.

• Incredibly Breathable: 100% poly microfiber
• Feel: Super soft, cuddly and lightweight. Feeling is Believing ® .
• High-quality construction: Every aspect is considered from the thread to the dye, from the factory to the family who receives this blanket.
• Size: Extra Large 60"" x 80"" - Large enough to cover the entire surface of a queen sized bed!"
"SAR-SATIN-BACK-TOD","The Satin Back Toddler Blanket is designed for indulgent everyday comfort. Plush lush fabric on the front is paired with a smooth satin back, giving little ones two soothing textures to enjoy. Its toddler size for naps, bedtime, and travel makes it a practical layer for relaxing, sleeping, decorating, or gifting.

<!-- saranoni-supplier-copy -->
Who said only babies can enjoy satin? With our lush fabric on one side and our custom-designed satin print on the other, you'll never have to outgrow your baby blanket. It truly is a match made in heaven!

• Luxuriously Soft: 100% lush poly microfiber with silky satin back to ensure incredible softness and comfort.
• Comfort: Find emotional and physical comfort by wrapping yourself in this luxury blanket.
• Feel: Super soft, comfy, fluffy, cuddly with hearty durable construction. Feeling is Believing.
• High-quality construction: Every aspect is considered from the thread to the dye, from the factory to the family who receives this blanket.
• Size: Toddler 40"" x 60"" - Great travel blanket, perfect for ages 3 to 11."
"SAR-SATIN-BORDER-TOD","The Satin Border Toddler Blanket is designed for indulgent everyday comfort. Plush lush fabric is finished with a silky satin border for a classic blanket with a soothing contrast in texture. Its toddler size for naps, bedtime, and travel makes it a practical layer for relaxing, sleeping, decorating, or gifting.

<!-- saranoni-supplier-copy -->
This new Satin Border blanket is a match made in heaven! Our signature lush fabric on both sides and our custom-designed satin fabric on the border. Made from only the highest quality materials. Saranoni Luxury Blankets. Feeling is believing.

• Luxuriously Soft: 100% lush poly microfiber with silky satin border to ensure incredible softness and comfort.
• Comfort: Find emotional and physical comfort by wrapping yourself in this luxury blanket.
• Feel: Super soft, comfy, fluffy, cuddly with hearty durable construction. Feeling is Believing.
• High-quality construction: Every aspect is considered from the thread to the dye, from the factory to the family who receives this blanket.
• Size: Toddler 40"" x 60"" - Great travel blanket, perfect for ages 3 to 11."
"SAR-SNUGGLER","The Snuggler combines a roomy blanket-hoodie shape with plush Saranoni comfort. The oversized wearable design is made for curling up, relaxing, and staying warm hands-free.

<!-- saranoni-supplier-copy -->
The oversized hoodie of your dreams meets the Saranoni blanket you hate taking off! Complete with toasty pockets, a richly lined interior and a cozy lined hood, this ultra-soft faux fur Saranoni Snuggler is just like wearing your favorite Saranoni blanket turned hoodie! Available in youth and adult sizes, because we get it–the family that snuggles together, stays together!

 Youth: 28 inches long x 30 inches wide

 Teen: 31.5 inches long x 32 inches wide

 Adult: 38 inches long x 35 inches wide"
"SAR-STRETCHY-SWADDLES-HATS","This stretchy baby essential is offered as a swaddle, hat, or bow in Saranoni’s soft, breathable stretch fabric. The lightweight blend provides enough give for a secure wrap while remaining airy and comfortable.

<!-- saranoni-supplier-copy -->
Available in swaddles, hats, and bows! Saranoni creates boutique-quality swaddles made by hands we have personal relationships with. The combination of a blend of polyester, rayon, & spandex creates a light, breathable and stretchy fabric that is still Saranoni soft.

• Luxuriously Soft: A blend of polyester, rayon, & spandex to ensure incredible softness and comfort.

• Feel: Super soft, comfy, airy, breathable and cuddly. Feeling is Believing.
• High-quality construction: Every aspect is considered from the thread to the dye, from the factory to the family who receives this blanket.
• Size: Generously Sized Swaddle at 47"" x 47"""
"SAR-STUFFED-ANIMALS","This Saranoni Stuffed Animal is made for soft, comforting cuddles with a plush texture that feels gentle in little hands. The friendly animal design makes it an easy companion for playtime, travel, and bedtime.

<!-- saranoni-supplier-copy -->
A new way to play! Designed as the perfect companions to our beloved animal rockers and chairs, or a sweet stand alone addition to play time! Made from our signature lush fabric, these cuddly, soft-limbed friends are available in Bunny, Puppy, Bear, Elephant, and Lamb. Built to grow, travel, and explore with your child."
"SAR-STUFFED-ANML-LVYS","The Stuffed Animal Lovey pairs a small security blanket with an adorable plush animal head. Its soft, easy-to-carry design gives babies and toddlers a comforting companion for naps, bedtime, and travel.

<!-- saranoni-supplier-copy -->
Comfort meets convenience with Saranoni’s newest blanket-meets-stuffed-animal-creation: Loveys! Created with our fan-favorite faux fur fabric, these buttery-soft buddies are created with little hands (and big imaginations) in mind! Bring comfort along for the ride–choose a Saranoni Lovey little today!"
"SAR-STUFFED-ANML-ROCKERS","The Stuffed Animal Rocker combines a soft animal character with a sturdy rocking base for active indoor play. Its plush exterior and child-friendly shape create a playful statement piece for a bedroom or playroom.

<!-- saranoni-supplier-copy -->
*This item does not qualify for free shipping or returns.

 Your little’s newest ride! Covered with Saranoni’s famous lush fabric and outfitted with play-proof sturdy wooden handles and base, these rockers can last as far as your child’s imagination can take them! Designed for ages 1-4. Choose Bear, Puppy, or Elephant to bring comfort and class (never clutter!) into your play space."
"SAR-SUPERMAN-DBL-LAYER-BMB","The Superman™ Double-Layer Bamboni® Blanket combines Superman™ artwork with premium Saranoni construction. Two layers of saranoni’s light, stretchy bamboni® fabric create breathable warmth with a soft drape. It adds character-inspired style while keeping the soft, comforting feel expected from Saranoni.

<!-- saranoni-supplier-copy -->
Wrap yourself in heroic comfort with the Superman™ Blanket inspired by America’s favorite truth-loving hero. This bold design combines Saranoni’s Double-Layer Bamboni® fabric, delivering unparalleled softness and warmth for all ages. Wash on cold with like colors, hang or lay flat to dry."
"SAR-VERY-HGRY-CAT-MNKY-STR","The The Very Hungry Caterpillar™ Minky Stretch Luxe Blanket combines The Very Hungry Caterpillar™ artwork with premium Saranoni construction. Soft printed minky offers flexible stretch, a lightweight drape, and durable comfort for relaxing at home or taking on the go. It adds character-inspired style while keeping the soft, comforting feel expected from Saranoni.

<!-- saranoni-supplier-copy -->
Bring story time to snuggle time with our The Very Hungry Caterpillar™ Minky Stretch Luxe Blanket. Featuring iconic artwork from the beloved classic, this double-sided blanket is designed to delight little ones while delivering the unmatched buttery softness Saranoni is known for.

 Made from our signature Minky Stretch Luxe fabric, this blanket is gently stretchy, irresistibly soft, and designed for everyday cuddles. With a thoughtfully crafted double-sided design, it’s as beautiful as it is cozy, making it a keepsake you’ll reach for again and again.

 Available in Mini, Receiving, and Toddler sizes, this blanket grows right alongside your little reader, perfect from the earliest days through busy toddler years."
"SAR-WEARABLE","The Saranoni Wearable Blanket keeps little ones cozy in a sleeveless sleep-sack design that leaves arms free. It provides soft warmth without relying on a loose blanket and is made for comfortable bedtime layering.

<!-- saranoni-supplier-copy -->
Our Wearable Blankets are designed to hold your baby when you can’t, providing warmth, comfort, and easy access so your baby can nap, snuggle and stay warm wherever you are! With a covered two-way zipper, this reversible portable blanket is here to make your life easier, and your baby’s life safe and comfortable leaving you with peace of mind! Available in both small and medium sizes for babies aged 0-6 months and 6-12 months! We offer a Minky and Faux Fur option in both sizes. Our wearable blankets have been tested and have a TOG rating to give a guideline of what option is best for your baby.

• Luxuriously Soft: 100% lush poly microfiber to ensure incredible softness and comfort.
• Comfort: Find emotional and physical comfort with this wearable blanket.
• Feel: Super soft, comfy, fluffy, cuddly with hearty durable construction. Feeling is Believing.
• High quality construction: Every aspect is considered from the thread to the dye, from the factory to the family who receives this blanket.

 A TOG (Thermal Overall Grade) rating is a unit of heat measurement. It measures insulation or amount of warmth a fabric provides. A TOG rating tells you how warm the item will keep your baby.

 Our table is a guideline for choosing the appropriate wearable blanket for your baby, depending on the temperature of the baby's nursery and weight of the bag. These are guidelines only - remember to always check your baby to make sure they don’t overheat. Feel the nape of your baby’s neck – if it is damp then your baby might be too warm.

 Product
 Size
 Length
 TOG
 Nursery Temp

 Small Minky Wearable Blanket
 0-6 months
 25 inches
 1.0
 69-73 F

 Medium Minky Wearable Blanket
 6-12 months
 29 inches

 1.0

 69-73 F

 Small Faux Fur Wearable Blanket
 0-6 months
 25 inches
 2.0
 64-68 F

 Medium Faux Fur Wearable Blanket
 6-12 months
 29 inches
 2.0
 64-68 F"
"SAR-WFL-KNT","The Waffle Knit Throw Blanket is designed for indulgent everyday comfort. A soft waffle-knit texture adds breathable stretch and understated dimension, creating a cozy layer that does not feel overly heavy. Its throw size for sofas, chairs, and everyday lounging makes it a practical layer for relaxing, sleeping, decorating, or gifting.

<!-- saranoni-supplier-copy -->
Ever-classic waffle knit meets ground-breaking Saranoni softness to bring you breathable, touchable luxury that doubles as functional home decor! These throws are here to bring luxury to your everyday."
"SAR-WFL-KNT-KING","The Waffle Knit King Blanket is designed for indulgent everyday comfort. A soft waffle-knit texture adds breathable stretch and understated dimension, creating a cozy layer that does not feel overly heavy. Its king-size format for layered bedding makes it a practical layer for relaxing, sleeping, decorating, or gifting.

<!-- saranoni-supplier-copy -->
King Waffle Knit: a blanket worthy of the name! Transform your bedroom with our King-sized 104”x88.5” Waffle Knit Blanket. Enjoy Saranoni’s luxurious reinterpretation of a classic pattern, with snuggle to spare on our biggest size offered! The expansive dimensions of 104 inches by 88.5 inches ensure a perfect fit for a king-size bed, offering a plush, breathable sleeping experience. Immerse yourself in the ultra-touchable fabric that combines comfort and sophistication, making this waffle knit blanket a statement piece that doubles as a staple piece."
"SAR-WFL-KNT-MINI","Meet the newest member of Saranoni’s “big three” baby blanket fabrics! Lush and Bamboni are now joined by Waffle Knit! Buttery, breathable and densely soft with a classic waffle pattern—now perfectly sized for little hands and snug wraps!"
"SAR-WFL-KNT-QUEEN","The Waffle Knit Queen Blanket is designed for indulgent everyday comfort. A soft waffle-knit texture adds breathable stretch and understated dimension, creating a cozy layer that does not feel overly heavy. Its queen-size format for layered bedding makes it a practical layer for relaxing, sleeping, decorating, or gifting.

<!-- saranoni-supplier-copy -->
Queen Waffle Knit: Elevate your sleep routine with our Queen-sized 88.5”x96” Waffle Knit blanket. Not too big, but not too small, you can rest easy in the stretchy and breathable embrace of your queen sized waffle knit blanket! At 88.5 inches by 96 inches, this size perfectly fits for a queen bed and ensures a beautiful drape!"
"SAR-WFL-KNT-ROBES","The Waffle Knit Robe brings Saranoni’s Waffle Knit comfort into an easy layer for slow mornings and relaxed evenings. It is designed with breathable texture and flexible comfort, creating a wearable piece that feels polished while staying exceptionally cozy.

<!-- saranoni-supplier-copy -->
The buttery, touchable luxury fabric you love, now in robe form! Our 100% polyester waffle knit robes feature a classic Kimono collar, wide adjustable waist tie, loose fitted sleeves and deep patch pockets!"
"SAR-WFL-KNT-TOD","The Waffle Knit Toddler Blanket is designed for indulgent everyday comfort. A soft waffle-knit texture adds breathable stretch and understated dimension, creating a cozy layer that does not feel overly heavy. Its toddler size for naps, bedtime, and travel makes it a practical layer for relaxing, sleeping, decorating, or gifting.

<!-- saranoni-supplier-copy -->
Meet the newest member of Saranoni’s “big three” baby blanket fabrics! Lush and Bamboni are now joined by Waffle Knit! Buttery, breathable and densely soft with a classic waffle pattern—now perfectly sized for little hands and snug wraps!"
"SAR-WFL-KNT-TWIN","The Waffle Knit Twin Blanket is designed for indulgent everyday comfort. A soft waffle-knit texture adds breathable stretch and understated dimension, creating a cozy layer that does not feel overly heavy. Its twin-size format for beds and oversized lounging makes it a practical layer for relaxing, sleeping, decorating, or gifting.

<!-- saranoni-supplier-copy -->
Twin Waffle Knit:  Child-sized comfort reimagined the Saranoni way! This kid-approved bedding is crafted from stretchy, breathable waffle knit, offering your littles a luxurious take on a classic pattern. The 70”x90” dimensions provide the perfect fit for a single bed, ensuring a snug and stylish addition to any bedroom, not to mention it’s “easy-to-make” weight and fold!"
"SAR-WFL-KNT-XL-LG","The Waffle Knit XL Throw Blanket is designed for indulgent everyday comfort. A soft waffle-knit texture adds breathable stretch and understated dimension, creating a cozy layer that does not feel overly heavy. Its oversized XL format for couch, bed, and full-body snuggling makes it a practical layer for relaxing, sleeping, decorating, or gifting.

<!-- saranoni-supplier-copy -->
Ever-classic waffle knit meets ground-breaking Saranoni softness to bring you breathable, touchable luxury that doubles as functional home decor! These throws are here to bring luxury to your everyday."
"SAR-WIZARDIN-WORLD-CHARM","The Wizarding World™ Charm Minky/Lush Blanket combines Wizarding World™ artwork with premium Saranoni construction. One side features saranoni’s buttery-soft lush fabric while the reverse uses silky printed minky for a smooth, dual-texture finish. It adds character-inspired style while keeping the soft, comforting feel expected from Saranoni.

<!-- saranoni-supplier-copy -->
Wizarding World™ Charm - Minky/Lush: For the witch, wizard or muggle in love with the colorful charm of the wizarding world! Featuring for the first time ever, two signature luxury fabrics—Minky and Lush!"
"SAR-WONDER-WOMAN-DBL-LAYER","The Wonder Woman™ Double-Layer Bamboni® Blanket combines Wonder Woman™ artwork with premium Saranoni construction. Two layers of saranoni’s light, stretchy bamboni® fabric create breathable warmth with a soft drape. It adds character-inspired style while keeping the soft, comforting feel expected from Saranoni.

<!-- saranoni-supplier-copy -->
Channel the strength and truth of Wonder Woman™ with this powerful yet oh-so-plush luxury blanket! Available in Double-Layer Bamboni®, this blanket offers the perfect blend of softness and strength for superheroes of all ages. Wash on cold with like colors, hang or lay flat to dry."
