productcode,productname,productprice,productweight,freeshipping,availability,productdescription,techspecs,group,vendor_sku,source_url,volusion_images
SS-VCM420GKK-D5PC,"Artemis 5-Piece 70"" Rect Gray Marble Table, Black Finish w/4 Black Vegan Leather Chairs",,,N,Available,"Meet the Artemis 70-inch marble top table-where modern design feels both elegant and inviting. Its architectural base makes a bold statement, while the sophisticated black finish keeps the look relaxed and livable. The sleek gray marble top adds a refined touch. Paired with soft black vegan leather chairs, each with a perfectly pitched seat for comfort, it's made for gathering. Built with solid wood legs and screwed corner joints, this set offers lasting durability with effortless style.","* Expertly crafted of gray marble veneers, ash veneers, solid Asian hardwoods and engineered woods, 100% polyester and foam
* 5-piece set includes the Artemis 70"" Gray Marble Dining Table, Black Finish and 4 Artemis Black Vegan Leather Side Chairs. Each item also sold separately.
* Kiln-dried wood helps prevent warping, splitting and cracking
* The chairs are solidly constructed using mortise-and-tenon joinery, corner blocks, sturdy solid wood legs, and screwed joints, this piece delivers exceptional stability, longevity, and superior furniture integrity with a 250 lb. weight capacity ensures durability and reliable support for the chair.
* The chair legs are hand-stained in a natural multi-step black finish to highlight the natural grain and knots of the wood
* Plastic glides help prevent scratches or mars to floors
* The chair's sleek black vegan leather, made from 100% polyester, offers the look and feel of real leather with easy-care convenience.
* Available in green velvet, brown velvet, beige chenille, gray chenille, gray vegan leather and black vegan leather; in counter and dining height sizes
* Chairs are packed 2 per carton
* Each marble top is crafted by nature with unique characteristics that vary slightly so no two pieces will be exactly alike
* 70"" long table seats six comfortably
* The wood is hand-stained in a natural multi-step black finish to highlight the natural grain and knots of the wood",dining,VCM420GKK-D5PC,https://stevesilver.com/product/artemis-5-piece-70-rect-gray-marble-table-black-finish-w-4-black-vegan-leather-chairs-copy/,SS-VCM420GKK-D5PC-1.jpg;SS-VCM420GKK-D5PC-altview1.jpg;SS-VCM420GKK-D5PC-altview2.jpg;SS-VCM420GKK-D5PC-altview3.jpg;SS-VCM420GKK-D5PC-altview4.jpg;SS-VCM420GKK-D5PC-altview5.jpg;SS-VCM420GKK-D5PC-altview6.jpg;SS-VCM420GKK-D5PC-altview7.jpg;SS-VCM420GKK-D5PC-altview8.jpg;SS-VCM420GKK-D5PC-altview9.jpg;SS-VCM420GKK-D5PC-altview10.jpg;SS-VCM420GKK-D5PC-altview11.jpg;SS-VCM420GKK-D5PC-altview12.jpg;SS-VCM420GKK-D5PC-altview13.jpg;SS-VCM420GKK-D5PC-altview14.jpg;SS-VCM420GKK-D5PC-altview15.jpg
SS-VCM420GKW-D5PC,"Artemis 5-Piece 70"" Rect Gray Marble Table, Black Finish w/4 White Vegan Leather Chairs",,,N,Available,"Meet the Artemis 70-inch marble top table-where modern design feels both elegant and inviting. Its architectural base makes a bold statement, while the sophisticated black finish keeps the look relaxed and livable. The sleek gray marble top adds a refined touch. Paired with soft white vegan leather chairs, each with a perfectly pitched seat for comfort, it's made for gathering. Built with solid wood legs and screwed corner joints, this set offers lasting durability with effortless style.","* Expertly crafted of gray marble veneers, ash veneers, solid Asian hardwoods and engineered woods, 100% polyester and foam
* 5-piece set includes the Artemis 70"" Gray Marble Dining Table, Black Finish and 4 Artemis White Vegan Leather Side Chairs. Each item also sold separately.
* Kiln-dried wood helps prevent warping, splitting and cracking
* The chairs are solidly constructed using mortise-and-tenon joinery, corner blocks, sturdy solid wood legs, and screwed joints, this piece delivers exceptional stability, longevity, and superior furniture integrity with a 250 lb. weight capacity ensures durability and reliable support for the chair.
* The chair legs are hand-stained in a natural multi-step black finish to highlight the natural grain and knots of the wood
* Plastic glides help prevent scratches or mars to floors
* The chair's sleek white vegan leather, made from 100% polyester, offers the look and feel of real leather with easy-care convenience.
* Available in green velvet, brown velvet, beige chenille, gray chenille, white vegan leather and black vegan leather; in counter and dining height sizes
* Chairs are packed 2 per carton
* Each marble top is crafted by nature with unique characteristics that vary slightly so no two pieces will be exactly alike
* 70"" long table seats six comfortably
* The wood is hand-stained in a natural multi-step black finish to highlight the natural grain and knots of the wood",dining,VCM420GKW-D5PC,https://stevesilver.com/product/artemis-5-piece-70-rect-gray-marble-table-black-finish-w-4-white-vegan-leather-chairs-copy/,SS-VCM420GKW-D5PC-1.jpg;SS-VCM420GKW-D5PC-altview1.jpg;SS-VCM420GKW-D5PC-altview2.jpg;SS-VCM420GKW-D5PC-altview3.jpg;SS-VCM420GKW-D5PC-altview4.jpg;SS-VCM420GKW-D5PC-altview5.jpg;SS-VCM420GKW-D5PC-altview6.jpg;SS-VCM420GKW-D5PC-altview7.jpg;SS-VCM420GKW-D5PC-altview8.jpg;SS-VCM420GKW-D5PC-altview9.jpg;SS-VCM420GKW-D5PC-altview10.jpg;SS-VCM420GKW-D5PC-altview11.jpg;SS-VCM420GKW-D5PC-altview12.jpg;SS-VCM420GKW-D5PC-altview13.jpg;SS-VCM420GKW-D5PC-altview14.jpg;SS-VCM420GKW-D5PC-altview15.jpg
SS-VCM420KK-D5PC,"Artemis 5 Piece 70"" Rect White Marble Table, Black Finish w/4 Black Vegan Leather Chairs",,,N,Available,"Meet the Artemis 70-inch marble top table-where modern design feels both elegant and inviting. Its architectural base makes a bold statement, while the sophisticated black finish keeps the look relaxed and livable. The sleek white marble top adds a refined touch. Paired with soft black vegan leather chairs, each with a perfectly pitched seat for comfort, it's made for gathering. Built with solid wood legs and screwed corner joints, this set offers lasting durability with effortless style.","* Expertly crafted of white marble veneers, ash veneers, solid Asian hardwoods and engineered woods, 100% polyester and foam
* 5-piece set includes the Artemis 70"" White Marble Dining Table, Black Finish and 4 Artemis Black Vegan Leather Side Chairs. Each item also sold separately.
* Kiln-dried wood helps prevent warping, splitting and cracking
* The chairs are solidly constructed using mortise-and-tenon joinery, corner blocks, sturdy solid wood legs, and screwed joints, this piece delivers exceptional stability, longevity, and superior furniture integrity with a 250 lb. weight capacity ensures durability and reliable support for the chair.
* The chair legs are hand-stained in a natural multi-step black finish to highlight the natural grain and knots of the wood
* Plastic glides help prevent scratches or mars to floors
* The chair's sleek black vegan leather, made from 100% polyester, offers the look and feel of real leather with easy-care convenience.
* Available in green velvet, brown velvet, beige chenille, gray chenille, white vegan leather and black vegan leather; in counter and dining height sizes
* Chairs are packed 2 per carton
* Each marble top is crafted by nature with unique characteristics that vary slightly so no two pieces will be exactly alike
* 70"" long table seats six comfortably
* The wood is hand-stained in a natural multi-step black finish to highlight the natural grain and knots of the wood",dining,VCM420KK-D5PC,https://stevesilver.com/product/artemis-5-piece-70-rect-white-marble-table-black-finish-w-4-black-vegan-leather-chairs/,SS-VCM420KK-D5PC-1.jpg;SS-VCM420KK-D5PC-altview1.jpg;SS-VCM420KK-D5PC-altview2.jpg;SS-VCM420KK-D5PC-altview3.jpg;SS-VCM420KK-D5PC-altview4.jpg;SS-VCM420KK-D5PC-altview5.jpg;SS-VCM420KK-D5PC-altview6.jpg;SS-VCM420KK-D5PC-altview7.jpg;SS-VCM420KK-D5PC-altview8.jpg;SS-VCM420KK-D5PC-altview9.jpg;SS-VCM420KK-D5PC-altview10.jpg;SS-VCM420KK-D5PC-altview11.jpg;SS-VCM420KK-D5PC-altview12.jpg;SS-VCM420KK-D5PC-altview13.jpg;SS-VCM420KK-D5PC-altview14.jpg;SS-VCM420KK-D5PC-altview15.jpg
SS-VCM420KW-D5PC,"Artemis 5-Piece 70"" Rect White Marble Table, Black Finish w/4 White Vegan Leather Chairs",,,N,Available,"Meet the Artemis 70-inch marble top table-where modern design feels both elegant and inviting. Its architectural base makes a bold statement, while the sophisticated black finish keeps the look relaxed and livable. The sleek white marble top adds a refined touch. Paired with soft white vegan leather chairs, each with a perfectly pitched seat for comfort, it's made for gathering. Built with solid wood legs and screwed corner joints, this set offers lasting durability with effortless style.","* Expertly crafted of white marble veneers, ash veneers, solid Asian hardwoods and engineered woods, 100% polyester and foam
* 5-piece set includes the Artemis 70"" White Marble Dining Table, Black Finish and 4 Artemis White Vegan LeatherSide Chairs. Each item also sold separately.
* Kiln-dried wood helps prevent warping, splitting and cracking
* The chairs are solidly constructed using mortise-and-tenon joinery, corner blocks, sturdy solid wood legs, and screwed joints, this piece delivers exceptional stability, longevity, and superior furniture integrity with a 250 lb. weight capacity ensures durability and reliable support for the chair.
* The chair legs are hand-stained in a natural multi-step black finish to highlight the natural grain and knots of the wood
* Plastic glides help prevent scratches or mars to floors
* The chair's sleek white vegan leather, made from 100% polyester, offers the look and feel of real leather with easy-care convenience.
* Available in green velvet, brown velvet, beige chenille, gray chenille, white vegan leather and black vegan leather; in counter and dining height sizes
* Chairs are packed 2 per carton
* Each marble top is crafted by nature with unique characteristics that vary slightly so no two pieces will be exactly alike
* 70"" long table seats six comfortably
* The wood is hand-stained in a natural multi-step black finish to highlight the natural grain and knots of the wood",dining,VCM420KW-D5PC,https://stevesilver.com/product/artemis-5-piece-70-rect-white-marble-table-black-finish-w-4-white-vegan-leather-chairs/,SS-VCM420KW-D5PC-1.jpg;SS-VCM420KW-D5PC-altview1.jpg;SS-VCM420KW-D5PC-altview2.jpg;SS-VCM420KW-D5PC-altview3.jpg;SS-VCM420KW-D5PC-altview4.jpg;SS-VCM420KW-D5PC-altview5.jpg;SS-VCM420KW-D5PC-altview6.jpg;SS-VCM420KW-D5PC-altview7.jpg;SS-VCM420KW-D5PC-altview8.jpg;SS-VCM420KW-D5PC-altview9.jpg;SS-VCM420KW-D5PC-altview10.jpg;SS-VCM420KW-D5PC-altview11.jpg;SS-VCM420KW-D5PC-altview12.jpg;SS-VCM420KW-D5PC-altview13.jpg;SS-VCM420KW-D5PC-altview14.jpg;SS-VCM420KW-D5PC-altview15.jpg
SS-ABR5454K-D5PC,"Aubrey 5-Piece 54"" Round Dining Table Set",,,N,Available,"Immerse yourself in the perfect blend of rustic charm and casual elegance with the 5-Piece Aubrey Dining Set. Crafted to perfection, this set seamlessly marries the rustic elements of Craftsman styling with the comfortable charm of cushioned sling side chairs, creating an inviting ambiance for memorable dining experiences.

 The 54-inch round Aubrey Black Dining Table exudes timeless appeal with its contrasting stretchers that offer a pop of color and coordinate effortlessly with the rest of the Aubrey collection. Supported by substantial canted 3-inch squared posts, the table hints at primitive styling while providing a sturdy foundation for your gatherings.

 Accompanied by four cushioned Black Side Chairs, this set offers both comfort and style.","* Set includes the Aubrey 54-inch Black Dining Table with Driftwood Stretchers and 4 Aubrey Gray Vegan Leather Side Chairs. Each item also sold separately.
* Styling details include the dining table with substantial canted 3"" squared posts with contrasting stretchers and exposed tenons that match all the other pieces in the Aubrey collection. Mix and match finishes and pieces within the collection for a custom look.
* Cross stretchers provide sturdy support and stability for the 54"" Round Table
* Built with solid wood legs to ensure lasting durability, stability, and timeless elegance for every dining experience.
* Kiln-dried wood helps prevent warping, splitting, cracking and developing mildew.
* Plastic glides keep the chair from scratching floor
* Solidly constructed using mortise-and-tenon joinery and corner blocks for exceptional, longevity, and superior furniture integrity
* The wood is hand-stained in a natural multi-step black finish with waxed driftwood accents that highlights the natural grain and knots of the wood.
* Wire-brushed distressing adds depth and character to the chair, making it a truly unique and stylish addition to any space.
* The chair has a 300 lb. weight capacity to ensure durability and reliable support.
* Gray vegan leather cover is sleek, durable, and easy-care, adding sophistication to any setting
* The 54-inch round table seats up to six people
* Table measurements: 54""W x 54""D x 30""H
* Chair measurements: 21""W x 22""D x 35.25""H
* Easy Assembly, all tools included",dining,ABR5454K-D5PC,https://stevesilver.com/product/aubrey-5-piece-54-round-dining-table-set-copy/,SS-ABR5454K-D5PC-1.jpg;SS-ABR5454K-D5PC-altview1.jpg;SS-ABR5454K-D5PC-altview2.jpg;SS-ABR5454K-D5PC-altview3.jpg;SS-ABR5454K-D5PC-altview4.jpg;SS-ABR5454K-D5PC-altview5.jpg;SS-ABR5454K-D5PC-altview6.jpg;SS-ABR5454K-D5PC-altview7.jpg;SS-ABR5454K-D5PC-altview8.jpg;SS-ABR5454K-D5PC-altview9.jpg;SS-ABR5454K-D5PC-altview10.jpg;SS-ABR5454K-D5PC-altview11.jpg;SS-ABR5454K-D5PC-altview12.jpg;SS-ABR5454K-D5PC-altview13.jpg;SS-ABR5454K-D5PC-altview14.jpg;SS-ABR5454K-D5PC-altview15.jpg
SS-ABR5454K-4US-D5PC,"Aubrey 5-Piece 54"" Round Dining Table Set",,,N,Available,"Immerse yourself in the perfect blend of rustic charm and casual elegance with the 5-Piece Aubrey Dining Set. Crafted to perfection, this set seamlessly marries the rustic elements of Craftsman styling with the sophistication of upholstered Parsons chairs, creating an inviting ambiance for memorable dining experiences.

 The 54-inch round Aubrey Black Dining Table exudes timeless appeal with its contrasting stretchers that offer a pop of color and coordinate effortlessly with the rest of the Aubrey collection. Supported by substantial canted 3-inch squared posts, the table hints at primitive styling while providing a sturdy foundation for your gatherings.

 Accompanied by four Eggshell upholstered Black Parsons Chairs, this set offers both comfort and style.","* Set includes the Aubrey 54-inch Black Dining Table with Driftwood Stretchers and 4 Aubrey Black Parsons Chairs. Each item also sold separately.
* Styling details include the dining table with substantial canted 3"" squared posts with contrasting stretchers and exposed tenons that match all the other pieces in the Aubrey collection. Mix and match finishes and pieces within the collection for a custom look.
* Cross stretchers provide sturdy support and stability for the 54"" Round Table
* Built with solid wood legs to ensure lasting durability, stability, and timeless elegance for every dining experience.
* Kiln-dried wood helps prevent warping, splitting, cracking and developing mildew.
* Plastic glides keep the chair from scratching floor
* Solidly constructed using mortise-and-tenon joinery and corner blocks for exceptional, longevity, and superior furniture integrity
* The wood is hand-stained in a natural multi-step black finish with waxed driftwood accents that highlights the natural grain and knots of the wood.
* Wire-brushed distressing adds depth and character to the chair, making it a truly unique and stylish addition to any space.
* The chair has a 300 lb. weight capacity to ensure durability and reliable support.
* The upholstered removable seat is built with 1.1 density foam to offer comfortable seating for the family that is easy to clean, with a versatile design that fits seamlessly into any space, enhancing both comfort and functionality.
* The chair's 100% polyester eggshell fabric cover provides a durable and easy-to-clean surface that resists stains and spills.
* The 54-inch round table seats up to six people
* Table measurements: 54""W x 54""D x 30""H
* Chair measurements: 23.5""W x 23.75""D x 38.25""H in
* Easy Assembly, all tools included",dining,ABR5454K-4US-D5PC,https://stevesilver.com/product/aubrey-5-piece-54-round-dining-table-set/,SS-ABR5454K-4US-D5PC-1.jpg;SS-ABR5454K-4US-D5PC-altview1.jpg;SS-ABR5454K-4US-D5PC-altview2.jpg;SS-ABR5454K-4US-D5PC-altview3.jpg;SS-ABR5454K-4US-D5PC-altview4.jpg;SS-ABR5454K-4US-D5PC-altview5.jpg;SS-ABR5454K-4US-D5PC-altview6.jpg;SS-ABR5454K-4US-D5PC-altview7.jpg;SS-ABR5454K-4US-D5PC-altview8.jpg;SS-ABR5454K-4US-D5PC-altview9.jpg;SS-ABR5454K-4US-D5PC-altview10.jpg;SS-ABR5454K-4US-D5PC-altview11.jpg;SS-ABR5454K-4US-D5PC-altview12.jpg;SS-ABR5454K-4US-D5PC-altview13.jpg;SS-ABR5454K-4US-D5PC-altview14.jpg;SS-ABR5454K-4US-D5PC-altview15.jpg
SS-GA500T-D5PC,"Garland 5-Piece Dining Set, Distressed Greige Finish",,,N,Available,"Sophisticated yet relaxed, the Garland Dining Collection embodies California Casual style with a distressed greige finish and clean, crisp lines. The Garland Table extends to 88 inches with an 18-inch leaf, seating up to eight comfortably. It pairs beautifully with fully upholstered Parsons chairs in tightly tailored eggshell fabric, accented with brass for a mix of casual and formal design. Complete the look with the Sideboard, featuring tasteful hardware and hidden storage. Warm and inviting, the Garland Collection is perfect for effortless entertaining.","* Constructed of oak and acacia veneers, solid Asian hardwoods and engineered wood
* Table Top extends from 70 to 88 inches with the insertion of the included 18-inch leaf
* The Table features a faux plank top with rasping and threading distressing for a relaxed, sophisticated look
* The Table seats up to eight people when fully extended
* The chair features a 100% polyester eggshell fabric, offering a durable, easy-to-clean surface that resists stains and spills. A brushed brass accent on the back and distressed greige-finished solid wood legs add a touch of elegance and warmth.
* The chair also works well as an office or guest chair
* The optional Sideboard has three deep drawers and one door with metal side drawer glides for smooth operation
* Set shown included dining table and four Side Chairs. Each piece also sold separately.
* Oversized brushed brass-tone hardware adds a luxurious touch of elegance and char
* The wood is hand-stained in a natural multi-step greige finish to highlight the natural grain and knots of the wood",dining,GA500T-D5PC,https://stevesilver.com/product/garland-5-piece-dining-set-distressed-greige-finish/,SS-GA500T-D5PC-1.jpg;SS-GA500T-D5PC-altview1.jpg;SS-GA500T-D5PC-altview2.jpg;SS-GA500T-D5PC-altview3.jpg;SS-GA500T-D5PC-altview4.jpg;SS-GA500T-D5PC-altview5.jpg;SS-GA500T-D5PC-altview6.jpg;SS-GA500T-D5PC-altview7.jpg;SS-GA500T-D5PC-altview8.jpg;SS-GA500T-D5PC-altview9.jpg;SS-GA500T-D5PC-altview10.jpg;SS-GA500T-D5PC-altview11.jpg;SS-GA500T-D5PC-altview12.jpg;SS-GA500T-D5PC-altview13.jpg;SS-GA500T-D5PC-altview14.jpg;SS-GA500T-D5PC-altview15.jpg
SS-GA500-5PC,Garland 5-Piece Dining Set,,,N,Available,"Sophisticated and elegant but with a casual accent, the Garland Dining Collection is built to shine in any environment.A distressed toffee finish blends with a sophisticated modern profile in a relaxed style-blending design marked by clean, crisp lines. The Garland Table comes with an 18-inch leaf that extends the table to 88 inches to seat up to eight comfortably and marries beautifully with the fully upholstered Parsons Chairs in a tightly tailored canvas cover with a brass accent, mixing casual and formal designs in a relaxed but elegant design. Pair these beauties with the Sideboard with a tasteful hardware treatment for an ultra-clean presentation that also offers plenty of hidden storage. Seat all of your family and friends in a comfortable but elegant dining presentation with the Garland Dining Collection","* Expertly crafted of acacia veneers, solid Asian hardwoods and engineered wood
* Table Top extends from 70 to 88 inches with the insertion of the included 18-inch leaf
* The Table features a faux plank top with rasping and threading distressing for a relaxed, sophisticated look
* The Table seats up to eight people when fully extended
* Chair features a relaxed canvas fabric cover application with brushed brass accent on back and distressed toffee finished solid wood legs
* The chair also works well as an office or guest chair
* The optional Sideboard has three deep drawers and one door with metal side drawer glides for smooth operation
* Set shown included dining table and four Side Chairs. Each piece also sold separately.
* Toffee finish",dining,GA500-5PC,https://stevesilver.com/product/garland-5-piece-dining-set/,SS-GA500-5PC-1.jpg;SS-GA500-5PC-altview1.jpg;SS-GA500-5PC-altview2.jpg;SS-GA500-5PC-altview3.jpg;SS-GA500-5PC-altview4.jpg;SS-GA500-5PC-altview5.jpg;SS-GA500-5PC-altview6.jpg;SS-GA500-5PC-altview7.jpg;SS-GA500-5PC-altview8.jpg;SS-GA500-5PC-altview9.jpg;SS-GA500-5PC-altview10.jpg;SS-GA500-5PC-altview11.jpg;SS-GA500-5PC-altview12.jpg;SS-GA500-5PC-altview13.jpg;SS-GA500-5PC-altview14.jpg;SS-GA500-5PC-altview15.jpg
SS-GA500TC,"Garland Curio, Greige Finish",,,N,Available,"The Garland Curio brings cool sophistication to any space. At 70 inches tall, this transitional design showcases a lustrous distressed grieve finish with clear, beveled, wood-rimmed glass doors for timeless style. Inside, three spacious shelves provide ample room for storing or displaying china, collectibles, or décor. Subtle distressing and rub-through accents soften the look, offering rustic elegance with a relaxed feel. Perfect for dining rooms, living spaces, or offices, the Garland Curio, Greige Finish blends beauty and function for stylish storage.","* Expertly crafted of acacia veneers, solid Asian hardwoods and engineered wood
* Kiln-dried wood helps prevent warping, splitting and cracking
* Two adjustable shelves offer versatile storage options to accommodate items of different sizes and shapes.
* Includes anti-tip restraint kit for added safety and stability, helping prevent accidental tipping in busy or family spaces.
* Oversized oil-rubbed brass hardware adds a luxurious touch of elegance and charm
* Wood scoring and finish rubthrough technique adds a distressed look, enhancing the charm of the furniture with a vintage-inspired appeal.
* Adjustable levelers add stability on uneven surfaces, protecting contents and enhancing usability
* Tempered glass doors add durability and safety to the mirror, making it resistant to shattering and damage.
* The wood is hand-stained in a natural multi-step distressed griege finish to highlight the natural grain and knots of the wood",server,GA500TC,https://stevesilver.com/product/garland-curio-greige-finish/,SS-GA500TC-1.jpg;SS-GA500TC-altview1.jpg;SS-GA500TC-altview2.jpg;SS-GA500TC-altview3.jpg;SS-GA500TC-altview4.jpg;SS-GA500TC-altview5.jpg
SS-GA500SV,Garland Sideboard,,,N,Available,"The Garland Server marries a modern silohuette with a relaxed, lightly distressed toffee finish in a dining side piece with the perfect casually elegant style of today's dining rooms. A modern plinth base and tastefully appointed satin brass hardware creates extremely clean lines that displays the natural beauty of the wood expertly. Three drawers and a door allow for plenty of storage base of any dining area in a neat, beautiful package that can stand on its own or can be paired with the matching Garland dining collection.","* Constructed of veneers, solids and engineered woods
* Three deep drawers and one door
* Metal side drawer guides
* Medium distressing
* Toffee finish",server,GA500SV,https://stevesilver.com/product/garland-server/,SS-GA500SV-1.jpg;SS-GA500SV-altview1.jpg;SS-GA500SV-altview2.jpg;SS-GA500SV-altview3.jpg;SS-GA500SV-altview4.jpg;SS-GA500SV-altview5.jpg;SS-GA500SV-altview6.jpg;SS-GA500SV-altview7.jpg;SS-GA500SV-altview8.jpg;SS-GA500SV-altview9.jpg;SS-GA500SV-altview10.jpg;SS-GA500SV-altview11.jpg;SS-GA500SV-altview12.jpg;SS-GA500SV-altview13.jpg
SS-GA500TSV,"Garland 64"" Sideboard, Greige Finish",,,N,Available,"The Garland Sideboard in distressed greige finish brings California Casual style to the dining room with clean lines, a modern plinth base, and tasteful hardware. Three drawers and a door provide practical storage that pairs with the matching Garland dining collection.","* Constructed of veneers, solids and engineered woods
* Three deep drawers and one door
* Metal side drawer guides
* Medium distressing
* Distressed greige finish",server,GA500TSV,https://stevesilver.com/product/garland-sideboard-greige/,SS-GA500TSV-1.jpg;SS-GA500TSV-altview1.jpg;SS-GA500TSV-altview2.jpg;SS-GA500TSV-altview3.jpg;SS-GA500TSV-altview4.jpg;SS-GA500TSV-altview5.jpg;SS-GA500TSV-altview6.jpg;SS-GA500TSV-altview7.jpg;SS-GA500TSV-altview8.jpg
SS-MM5454K-D5PC,Magnolia 54-inch Round 5-Piece Dining Set,,,N,Available,"Modern meets farmhouse in the Magnolia 54-inch Round 5-Piece Dining Set. Large yet intimate, it's perfect for morning breakfasts or supper club gatherings. The sand and black finish, combined with canted legs forming a sled base, creates a sleek and flowing design. Paired with four solid wood farmhouse chairs, each featuring a shaped solid wood seat, this set remains authentic to its origins while adding a touch of comfort. The Magnolia table comfortably seats six, making it an ideal choice for any dining space.","* Crafted of solid Asian hardwoods, oak veneers and engineered woods
* The 5-piece set includes the Magnolia black and sand 54-inch round Dining Table and 4 Magnolia Side Chairs. Each item also sold separately.
* Kiln-dried wood helps prevent warping, splitting, cracking and developing mildew.
* The chair's shaped wooden seat adds comfort without compromising classic farmhouse style
* The chair is corner-blocked and secured with screws for exceptional durability
* Plastic glides on the chair and table help prevent mars or scratches to floors
* Built with solid wood legs to ensure lasting durability, stability, and timeless elegance for every dining experience
* The 54-inch table comfortably seats up to six, enhancing intimate dining experiences with a spacious yet cozy design.
* The wood is hand-stained in a natural multi-step two-tone sand and black finish to highlight the natural grain and knots of the wood
* Bottom sled stretchers on the table provide sturdy support and stability for the 54"" Round Table
* Product Measurements;
 
 Table: 54""W x 54""D x 30""H

Side Chair: 20""W x 23""D x 40.25""H",dining,MM5454K-D5PC,https://stevesilver.com/product/magnolia-54-inch-round-5-piece-dining-set/,SS-MM5454K-D5PC-1.jpg;SS-MM5454K-D5PC-altview1.jpg;SS-MM5454K-D5PC-altview2.jpg;SS-MM5454K-D5PC-altview3.jpg;SS-MM5454K-D5PC-altview4.jpg;SS-MM5454K-D5PC-altview5.jpg;SS-MM5454K-D5PC-altview6.jpg;SS-MM5454K-D5PC-altview7.jpg;SS-MM5454K-D5PC-altview8.jpg;SS-MM5454K-D5PC-altview9.jpg;SS-MM5454K-D5PC-altview10.jpg;SS-MM5454K-D5PC-altview11.jpg;SS-MM5454K-D5PC-altview12.jpg;SS-MM5454K-D5PC-altview13.jpg;SS-MM5454K-D5PC-altview14.jpg;SS-MM5454K-D5PC-altview15.jpg
SS-MM520TSV,"Magnolia Cathedral Doored Server, Weathered Sand",,,N,Available,"A masterpiece of versatility and style, the Magnolia Server reveals a world of display possibilities behind beautiful Cathedral glass doors. Hand-stained in a striking weathered sand finish with a contrasting black interior, this cabinet features adjustable shelves and hidden cable management for a seamless transition from a dining room sideboard, to a living room entertainment center, or even a stunning hallway console The clean lines and modern style of the Magnolia Server adds elegance, sophistication and storage to any room in a home.","* Crafted from oak veneers, Asian hardwood solids and engineered woods
* Cathedral glass door fronts offer a beautiful display area or excellent remote access for electronics
* Contrasting weathered sand interior beautifully accents the interior with the contrasting ebony finished exterior
* Two adjustable shelves offer versatile storage options to accommodate items of different sizes and shapes.
* Wire escape back with notched shelves ensures organized cable management and a clutter-free appearance
* With wire management and cathedral glass doors, the Server can work as a dining room Server, a living room entertainment piece or a hallway or foyer console.
* The wood is hand-stained in a natural multi-step weathered sand finish with black interior to highlight the interior of the case while offering a beautiful contrast
* 200 lb. weight capacity ensures durability and reliable support.
* Adjustable levelers add stability on uneven floors
* The black accented interior and weathered sand exterior allows seamless style integration with all elements of the Magnolia collection",server,MM520TSV,https://stevesilver.com/product/magnolia-cathedral-doored-server-dusty-blue-copy/,SS-MM520TSV-1.jpg;SS-MM520TSV-altview1.jpg;SS-MM520TSV-altview2.jpg;SS-MM520TSV-altview3.jpg;SS-MM520TSV-altview4.jpg;SS-MM520TSV-altview5.jpg;SS-MM520TSV-altview6.jpg
SS-MM520BSV,"Magnolia Cathedral Doored Server, Dusty Blue Finish",,,N,Available,"A masterpiece of style and versatility, the Magnolia Server transforms any room with its bold dusty blue finish and weathered sand interior. Elegant Cathedral glass doors reveal adjustable shelves for display, while hidden cable management ensures seamless integration. Whether as a sideboard, entertainment center, or hallway console, it blends practicality with sophistication. Clean lines and thoughtful details enhance both style and storage, making it a refined choice for any home-offering modern elegance with functionality in every setting.","* Crafted from oak veneers, Asian hardwood solids and engineered woods
* Cathedral glass door fronts offer a beautiful display area or excellent remote access for electronics
* Contrasting weathered sand interior beautifully accents the interior with the contrasting dusty blue finished exterior
* Two adjustable shelves offer versatile storage options to accommodate items of different sizes and shapes.
* Wire escape back with notched shelves ensures organized cable management and a clutter-free appearance
* With wire management and cathedral glass doors, the Server can work as a dining room Server, a living room entertainment piece or a hallway or foyer console.
* The wood is hand-stained in a natural multi-step dusty blue finish with weathered sand interior to highlight the interior of the case while offering a beautiful contrast
* 200 lb. weight capacity ensures durability and reliable support.
* Adjustable levelers add stability on uneven floors",server,MM520BSV,https://stevesilver.com/product/magnolia-cathedral-doored-server-dusty-blue/,SS-MM520BSV-1.jpg;SS-MM520BSV-altview1.jpg;SS-MM520BSV-altview2.jpg;SS-MM520BSV-altview3.jpg;SS-MM520BSV-altview4.jpg;SS-MM520BSV-altview5.jpg;SS-MM520BSV-altview6.jpg
SS-NP500-5PC,Napa 5-Piece Dining Set,,,N,Available,"A grandly scaled dining collection with modern farmhouse styling, Napa features a dining table with ample room for all visitors. The table has a beautiful plank-effect top and comes with two 18-inch leaves that expand it to a full 108-inches for seating of up to ten people. The double pedestal base has exposed tenons and pairs gracefully with the schoolhouse upholstered seat Side Chair for a group that is both stylish and comfortable.","* Constructed of mango and Asian hardwoods, mango veneers and engineered hardwoods
* Side Chair features schoolhouse design with shaped top rail and upholstered linen-colored seat for comfort
* The table has plank-effect top, double pedestal base with exposed tenons
* Stretchers on the table base add to the stability and strength of the table
* Table seats up to 10 with two 18-inch leaves inserted
* Table extension slides use cables to guarantee a smooth, seamless leaf insert operation, reducing wear and safeguarding against potential jamming or misalignment
* Dusky cedar finish",dining,NP500-5PC,https://stevesilver.com/product/napa-6-piece-dining-settable-6-side-chairs/,SS-NP500-5PC-1.jpg;SS-NP500-5PC-altview1.jpg;SS-NP500-5PC-altview2.jpg;SS-NP500-5PC-altview3.jpg;SS-NP500-5PC-altview4.jpg;SS-NP500-5PC-altview5.jpg;SS-NP500-5PC-altview6.jpg;SS-NP500-5PC-altview7.jpg;SS-NP500-5PC-altview8.jpg;SS-NP500-5PC-altview9.jpg;SS-NP500-5PC-altview10.jpg;SS-NP500-5PC-altview11.jpg;SS-NP500-5PC-altview12.jpg;SS-NP500-5PC-altview13.jpg
SS-RED500K-D5PC,"Reid 5-Piece Dining Set, Black Finish with Saddle Brown Vegan Leather",,,N,Available,"The Reid 5-Piece Dining Set blends modern style with everyday versatility, featuring the Reid 77-95"" Dining Table and four coordinating side chairs. The table expands with an 18-inch leaf to seat up to eight and showcases a deep black finish for a neutral accent to any room. Reid chairs add tailored comfort with box-pleat seats, foam cushioning, and easy-care saddle brown vegan leather. An exposed webbed back and angled seat provide relaxed support, making this set ideal for dining, entertaining, or casual gatherings.","* Expertly crafted of ash veneers, solid Asian hardwoods, vegan leather, foam and engineered woods
* 5-Piece Set includes the Reid 77-95"" Dining Table with 18-inch leaf and 4 Reid Saddle Brown Vegan Leather Side Chairs. Each item also sold separately.
* Table expands from 77"" to 95"" with included leaf to seat up to eight
* Hand-stained multi-step sand finish highlights natural grain and knots
* Experience affordable, leather-like luxury with the camel vegan leather chair from 20% polyurethane/80% polyester that's easy to care for, comfortable, and adds a warm, rustic leather-like touch to your dining space.
* Solid construction with mortise-and-tenon joinery, corner blocks, stretchers, and reinforced joints
* Plastic glides help protect floors from scratches
* 300 lb. weight capacity per chair for reliable support
* Easy assembly with all tools included
* Product Measurements:
 
 Table: 77-95W x 40D x 30
* Side Chair: 20W x 24.25D x 40H
* Chair Fabric Content: 20% polyurethane, 80% polyester
* Cleaning Code: W - Easy-care vegan leather wipes clean with mild soap and water, offering durable style that stands up to everyday use and spills.",dining,RED500K-D5PC,https://stevesilver.com/product/reid-5-piece-dining-set-black-finish-with-saddle-brown-vegan-leather/,SS-RED500K-D5PC-1.jpg;SS-RED500K-D5PC-altview1.jpg;SS-RED500K-D5PC-altview2.jpg;SS-RED500K-D5PC-altview3.jpg;SS-RED500K-D5PC-altview4.jpg;SS-RED500K-D5PC-altview5.jpg;SS-RED500K-D5PC-altview6.jpg;SS-RED500K-D5PC-altview7.jpg;SS-RED500K-D5PC-altview8.jpg;SS-RED500K-D5PC-altview9.jpg;SS-RED500K-D5PC-altview10.jpg;SS-RED500K-D5PC-altview11.jpg;SS-RED500K-D5PC-altview12.jpg;SS-RED500K-D5PC-altview13.jpg;SS-RED500K-D5PC-altview14.jpg;SS-RED500K-D5PC-altview15.jpg
SS-RED500-D5PC,"Reid 5-Piece 77-95"" Dining Set, Sand Finish with Camel Vegan Leather",,,N,Available,"The Reid 5-Piece Dining Set blends modern style with everyday versatility, featuring the Reid 77-95"" Dining Table and four coordinating side chairs. The table expands with an 18-inch leaf to seat up to eight and showcases a light sand finish that highlights natural wood grain. Reid chairs add tailored comfort with box-pleat seats, foam cushioning, and easy-care camel vegan leather. An exposed webbed back and angled seat provide relaxed support, making this set ideal for dining, entertaining, or casual gatherings.","* Expertly crafted of ash veneers, solid Asian hardwoods, vegan leather, foam and engineered woods
* 5-Piece Set includes the Reid 77-95"" Dining Table with 18-inch leaf and 4 Reid Camel Vegan Leather Side Chairs. Each item also sold separately.
* Table expands from 77"" to 95"" with included leaf to seat up to eight
* Hand-stained multi-step sand finish highlights natural grain and knots
* Experience affordable, leather-like luxury with the camel vegan leather chair from 60% polyurethane/40% polyester that's easy to care for, comfortable, and adds a warm, rustic leather-like touch to your dining space.
* Solid construction with mortise-and-tenon joinery, corner blocks, stretchers, and reinforced joints
* Plastic glides help protect floors from scratches
* 300 lb. weight capacity per chair for reliable support
* Easy assembly with all tools included
* Product Measurements:
 
 Table: 77-95W x 40D x 30
* Side Chair: 20W x 24.25D x 40H
* Chair Fabric Content: 60% polyurethane, 40% polyester
* Cleaning Code: W - Easy-care vegan leather wipes clean with mild soap and water, offering durable style that stands up to everyday use and spills.",dining,RED500-D5PC,https://stevesilver.com/product/reid-5-piece-dining-set-sand-finish-with-camel-vegan-leather/,SS-RED500-D5PC-1.jpg;SS-RED500-D5PC-altview1.jpg;SS-RED500-D5PC-altview2.jpg;SS-RED500-D5PC-altview3.jpg;SS-RED500-D5PC-altview4.jpg;SS-RED500-D5PC-altview5.jpg;SS-RED500-D5PC-altview6.jpg;SS-RED500-D5PC-altview7.jpg;SS-RED500-D5PC-altview8.jpg;SS-RED500-D5PC-altview9.jpg;SS-RED500-D5PC-altview10.jpg;SS-RED500-D5PC-altview11.jpg;SS-RED500-D5PC-altview12.jpg;SS-RED500-D5PC-altview13.jpg;SS-RED500-D5PC-altview14.jpg;SS-RED500-D5PC-altview15.jpg
SS-RED500KSV,"Reid 60"" Server, Black Finish",,,N,Available,"The Reid 60"" Server offers a modern take on a versatile dining and entertainment piece. Its rich midnight black finish over ash veneers delivers a bold, refined look for any room. Two glass doors provide display, storage, and easy remote access, while two adjustable interior shelves customize space for décor or electronics. Convenient charging is built in with two electric outlets plus USB-A and USB-C ports on the outer upper back, paired with a wire escape for organized cords. Clean lines complete the look overall.","* Expertly crafted of ash veneers, solid Asian hardwoods and engineered woods
* Kiln-dried wood helps prevent warping, splitting and cracking
* Two adjustable shelves offer versatile storage options to accommodate items of different sizes and shapes.
* A built-in wire escape with integrated electric and USB-A/C outlets on the upper outside back keeps cords organized and devices conveniently powered while maintaining a clean look.
* Concealed European hinges offer clean front aesthetic while allowing the doors to open and close smoothly and quietly
* Finished back allows for seamless placement in any space.
* The wood is hand-stained in a natural multi-step black finish to highlight the natural grain and knots of the wood
* Easy Assembly, all tools included
* 200 lb. weight capacity ensures durability and reliable support.
* Oversized brass colored hardware adds a luxurious touch of elegance and charm
* Includes anti-tip restraint kit for added safety and stability, helping prevent accidental tipping in busy or family spaces.",server,RED500KSV,https://stevesilver.com/product/reid-60-server-black-finish/,SS-RED500KSV-1.jpg;SS-RED500KSV-altview1.jpg;SS-RED500KSV-altview2.jpg;SS-RED500KSV-altview3.jpg;SS-RED500KSV-altview4.jpg;SS-RED500KSV-altview5.jpg;SS-RED500KSV-altview6.jpg;SS-RED500KSV-altview7.jpg;SS-RED500KSV-altview8.jpg;SS-RED500KSV-altview9.jpg;SS-RED500KSV-altview10.jpg
SS-RED500TSV,"Reid 60"" Server, Sand Finish",,,N,Available,"The Reid 60"" Server offers a modern take on a versatile dining and entertainment piece. Its light, airy sand finish over ash veneers brings a fresh, open feel to any room. Two glass doors provide display, storage, and easy remote access, while two adjustable interior shelves customize space for décor or electronics. Convenient charging is built in with two electric outlets plus USB-A and USB-C ports on the outer upper back, paired with a wire escape for organized cords. Clean lines complete the look overall.","* Expertly crafted of ash veneers, solid Asian hardwoods and engineered woods
* Kiln-dried wood helps prevent warping, splitting and cracking
* Two adjustable shelves offer versatile storage options to accommodate items of different sizes and shapes.
* A built-in wire escape with integrated electric and USB-A/C outlets on the upper outside back keeps cords organized and devices conveniently powered while maintaining a clean look.
* Adjustable levelers add stability on uneven floors
* Concealed European hinges offer clean front aesthetic while allowing the doors to open and close smoothly and quietly
* Finished back allows for seamless placement in any space.
* The wood is hand-stained in a natural multi-step sand finish to highlight the natural grain and knots of the wood
* Easy Assembly, all tools included
* 200 lb. weight capacity ensures durability and reliable support.
* Oversized brass colored hardware adds a luxurious touch of elegance and charm
* Includes anti-tip restraint kit for added safety and stability, helping prevent accidental tipping in busy or family spaces.",server,RED500TSV,https://stevesilver.com/product/reid-60-server-sand-finish/,SS-RED500TSV-1.jpg;SS-RED500TSV-altview1.jpg;SS-RED500TSV-altview2.jpg;SS-RED500TSV-altview3.jpg;SS-RED500TSV-altview4.jpg;SS-RED500TSV-altview5.jpg;SS-RED500TSV-altview6.jpg;SS-RED500TSV-altview7.jpg;SS-RED500TSV-altview8.jpg;SS-RED500TSV-altview9.jpg;SS-RED500TSV-altview10.jpg
SS-RL600N-GT-C6PC,"Rylie 6-Piece Counter Game Dining Set, Natural Finish",,,N,Available,"Dive into a mix of classic fun and modern chic with the Rylie Folding Game Counter Dining Set. This natural finished set features swivel Captain's Chairs in camel vegan leather, accented with stylish copper nailheads. The star is the removable game top, decked out with 16 cupholders and eight chip holders for ultimate game nights. Post-play, it transforms into a charming dining spot. Crafted from durable oak veneers and hardwoods, this set seats four comfortably and assembles easily, making it a perfect blend of form and function.","* Set includes the Rylie Folding Game Top, the Rylie 48-inch Counter Dining Table and 4 Rylie Counter Captains Chairs. All in natural finish with camel vegan leather. Each item also sold separately..
* Expertly crafted of oak veneers, poplar and Asian hardwood solids and engineered woods, foam and vegan leather
* Kiln-dried wood helps prevent warping, splitting, cracking and developing mildew.
* The removable Folding Game Top has 16 cupholders and eight chip holders make for great multi-player game entertainment
* Folding game top sits on top of the 48-inch round Rylie table for game night and then can be removed and stored in the included carry bag to use the table for dining
* Four undertop felt-lined drawers offer additional storage for dining or game essentials
* The 48-inch round table fosters a cozy, intimate setting, perfect for close-knit gatherings and conversations.
* The 36-inch Counter Height Table offers versatility for dining or working, perfectly suited for standing activities.
* Beautiful inlaid pinwheel oak veneer pattern creates a stunning work or dining surface
* Table seats up to four comfortably
* Adjustable levelers add stability on uneven surfaces.
* 360-degree swivel mechanism provides greater mobility, reduces strain on the body, and adds an element of playfulness to your decor.
* Built with solid wood legs to ensure lasting durability, stability, and timeless elegance for every dining experience.
* The camel colored vegan leather counter chair, accented with copper nailhead trim, offers a sophisticated look with the soft touch and durability of leather, yet is easy to maintain and resistant to wear and tear
* The Counter Stool's 24-inch high seat effortlessly complements 36-inch high counters, ensuring an ideal seating experience.
* Front and side stretchers provide sturdy support and stability for the 24"" seat height counter stool
* The wood is hand-stained in a multi-step natural glaze that beautifully highlights the natural grain and knots of the wood
* Fabric Content: in 69% polyurethane, 28% polyester and 3% viscose
* Easy Assembly, all tools included",game,RL600N-GT-C6PC,https://stevesilver.com/product/rylie-6-piece-counter-game-dining-set-natural-finish/,SS-RL600N-GT-C6PC-1.jpg;SS-RL600N-GT-C6PC-altview1.jpg;SS-RL600N-GT-C6PC-altview2.jpg;SS-RL600N-GT-C6PC-altview3.jpg;SS-RL600N-GT-C6PC-altview4.jpg;SS-RL600N-GT-C6PC-altview5.jpg;SS-RL600N-GT-C6PC-altview6.jpg;SS-RL600N-GT-C6PC-altview7.jpg;SS-RL600N-GT-C6PC-altview8.jpg;SS-RL600N-GT-C6PC-altview9.jpg;SS-RL600N-GT-C6PC-altview10.jpg;SS-RL600N-GT-C6PC-altview11.jpg;SS-RL600N-GT-C6PC-altview12.jpg;SS-RL600N-GT-C6PC-altview13.jpg;SS-RL600N-GT-C6PC-altview14.jpg;SS-RL600N-GT-C6PC-altview15.jpg
SS-RL500K-GT-D6PC,"Rylie 6-Piece Game Dining Set, Black Finish",,,N,Available,"Get ready for game night with the Rylie Black Finish 6-Piece Game Dining Set! This set includes a 48-inch round table with a folding game top and four comfy castered Captain's chairs in sand vegan leather, jazzed up with copper nailhead trim. The folding game top offers eight stations with dual cupholders and chip holders. When the games are done, remove the top, tuck it away in its carry case, and you've got a sleek dining table ready for four.

 The glossy black finish gives it a modern edge, perfect for any room. Each piece is crafted from oak veneers, poplar, and Asian hardwoods, kiln-dried to avoid warping or mildew. The pinwheel oak veneer pattern on the table adds elegance, making it great for dining or working. The chairs, with full rotation and solid wood legs, are stylish and practical.","* Set includes the Rylie 48-inch round table top, the Rylie Trestle Table Base, Folding Game Table Top and 4 Black Captains Chair. Each item also sold separately.
* Crafted of oak veneers, poplar and Asian hardwood solids and engineered woods
* Kiln-dried wood helps prevent warping, splitting, cracking and developing mildew.
* Removable Folding Game Top has 16 cupholders and eight chip holders make for great multi-player game entertainment
* Folding Game Top sits on top of the 48-inch round Rylie table for game night and then can be removed and stored in the included carry bag to use the table for dining
* The 48-inch round table fosters a cozy, intimate setting, perfect for close-knit gatherings and conversations.
* Beautiful inlaid pinwheel oak veneer pattern creates a stunning work or dining surface
* Table seats up to four comfortably
* Versatile side chair suitable for dining, office, or living areas, serving as a stylish accent piece
* Fully rotating casters on the chair offer enhanced mobility and convenience, allowing for smooth, effortless movement across various floor surfaces
* Chair is built with solid wood legs to ensure lasting durability, stability, and timeless elegance for every dining experience.
* The sand colored vegan leather chair, accented with copper nailhead trim, offers a sophisticated look with the soft touch and durability of leather, yet is easy to maintain and resistant to wear and tear
* The wood is hand-stained in a natural multi-step glossy black finish to highlight the natural grain and knots of the wood
* Fabric Content: in 69% polyurethane, 28% polyester and 3% viscose
* Adjustable levelers add stability on uneven surfaces.
* Easy Assembly, all tools included",game,RL500K-GT-D6PC,https://stevesilver.com/product/rylie-6-piece-game-dining-set-black-finish/,SS-RL500K-GT-D6PC-1.jpg;SS-RL500K-GT-D6PC-altview1.jpg;SS-RL500K-GT-D6PC-altview2.jpg;SS-RL500K-GT-D6PC-altview3.jpg;SS-RL500K-GT-D6PC-altview4.jpg;SS-RL500K-GT-D6PC-altview5.jpg;SS-RL500K-GT-D6PC-altview6.jpg;SS-RL500K-GT-D6PC-altview7.jpg;SS-RL500K-GT-D6PC-altview8.jpg;SS-RL500K-GT-D6PC-altview9.jpg;SS-RL500K-GT-D6PC-altview10.jpg;SS-RL500K-GT-D6PC-altview11.jpg;SS-RL500K-GT-D6PC-altview12.jpg;SS-RL500K-GT-D6PC-altview13.jpg;SS-RL500K-GT-D6PC-altview14.jpg;SS-RL500K-GT-D6PC-altview15.jpg
SS-RL500N-GT-D6PC,"Rylie 6-Piece Game Dining Set, Natural Finish",,,N,Available,"The Rylie 6-piece Game Dining Set presents a versatile ensemble for both game nights and stylish dining. This set includes the Rylie Folding Game Table Top, a 48-inch round Dining Table, and four Rylie castered Captain's Chairs in a natural finish with camel vegan leather. Each piece, available separately, is crafted from oak veneers, poplar, and Asian hardwoods, ensuring durability and resistance to warping or mildew.

 The game top, featuring 16 cupholders and eight chip holders, easily transforms your dining table into a multi-player game station. Post-game, simply store the top in its carry bag to reveal a stunning dining surface with an inlaid pinwheel oak veneer pattern. The table's natural finish highlights the wood's grain, creating a warm, inviting setting for up to four people. The chairs, with full rotation casters, offer seamless mobility and comfort, accented with copper nailhead trim for an elegant touch. This set combines practicality with elegance, ideal for any home. Easy assembly with all tools included.","* Set includes the Rylie Folding Game Table Top, the Rylie 48-inch round Dining Table and 4 Rylie castered Captains Chairs in natural finish with camel vegan leather. Each item also sold separately.
* Crafted of oak veneers, poplar and Asian hardwood solids and engineered woods
* Kiln-dried wood helps prevent warping, splitting, cracking and developing mildew.
* Removable Folding Game Top has 16 cupholders and eight chip holders make for great multi-player game entertainment
* Folding Game Top sits on top of the 48-inch round Rylie table for game night and then can be removed and stored in the included carry bag to use the table for dining
* The 48-inch round table fosters a cozy, intimate setting, perfect for close-knit gatherings and conversations.
* The wood is hand-stained in a natural multi-step natural finish that beautifully highlights the natural grain and knots of the wood
* Beautiful inlaid pinwheel oak veneer pattern creates a stunning work or dining surface
* Table seats up to four comfortably
* Versatile side chair suitable for dining, office, or living areas, serving as a stylish accent piece
* Fully rotating casters on the chair offer enhanced mobility and convenience, allowing for smooth, effortless movement across various floor surfaces
* Chair is built with solid wood legs to ensure lasting durability, stability, and timeless elegance for every dining experience.
* The sand colored vegan leather chair, accented with copper nailhead trim, offers a sophisticated look with the soft touch and durability of leather, yet is easy to maintain and resistant to wear and tear
* The wood is hand-stained in a natural multi-step glossy black finish to highlight the natural grain and knots of the wood
* Fabric Content: in 69% polyurethane, 28% polyester and 3% viscose
* Adjustable levelers add stability on uneven surfaces.
* Easy Assembly, all tools included",game,RL500N-GT-D6PC,https://stevesilver.com/product/rylie-6-piece-game-dining-set-natural-finish/,SS-RL500N-GT-D6PC-1.jpg;SS-RL500N-GT-D6PC-altview1.jpg;SS-RL500N-GT-D6PC-altview2.jpg;SS-RL500N-GT-D6PC-altview3.jpg;SS-RL500N-GT-D6PC-altview4.jpg;SS-RL500N-GT-D6PC-altview5.jpg;SS-RL500N-GT-D6PC-altview6.jpg;SS-RL500N-GT-D6PC-altview7.jpg;SS-RL500N-GT-D6PC-altview8.jpg;SS-RL500N-GT-D6PC-altview9.jpg;SS-RL500N-GT-D6PC-altview10.jpg;SS-RL500N-GT-D6PC-altview11.jpg;SS-RL500N-GT-D6PC-altview12.jpg;SS-RL500N-GT-D6PC-altview13.jpg;SS-RL500N-GT-D6PC-altview14.jpg;SS-RL500N-GT-D6PC-altview15.jpg
SS-BUR500NSV,Burlington Cathedral Doored Server,,,N,Available,"A masterpiece of versatility and style, the Burlington Server reveals a world of display possibilities behind beautiful Cathedral glass doors. Hand-stained in a striking cocoa finish with a contrasting black interior, this cabinet features adjustable shelves and hidden cable management for a seamless transition from a dining room sideboard, to a living room entertainment center, or even a stunning hallway console 
 The clean lines and modern style of the Burlington Server adds elegance, sophistication and storage to any room in a home.","* Crafted from Oak veneers, Asian hardwood solids and engineered woods
* Wire Escape back allows this cabinet to double as a media console
* Cathedral glass door fronts offer a beautiful display area or excellent remote access  for electronics
* Contrasting black interior beautifully accents the interior with the contrasting cocoa finished exterior
* Two adjustable shelves offer versatile storage options to accommodate items of different sizes and shapes.
* Wire escape back with notched shelves ensures organized cable management and a clutter-free appearance
* With wire management and cathedral glass doors, the Server can work as a dining room Server, a living room entertainment piece or a hallway or foyer console.
* The wood is hand-stained in a natural multi-step cocoa finish with black  interior to highlight the interior of the case while offering a beautiful contrast",server,BUR500NSV,https://stevesilver.com/product/burlington-cathedral-doored-server/,SS-BUR500NSV-1.jpg;SS-BUR500NSV-altview1.jpg;SS-BUR500NSV-altview2.jpg;SS-BUR500NSV-altview3.jpg;SS-BUR500NSV-altview4.jpg;SS-BUR500NSV-altview5.jpg;SS-BUR500NSV-altview6.jpg
